id,y_pred
0,122655.50320525566
1,165714.3867599232
2,183302.984030879
3,178813.29827117684
4,174242.885848329
5,169583.85039940427
6,167205.03847443804
7,168473.42929361833
8,261597.8046269422
9,255426.8339706199
10,249956.13504970426
11,240231.8913802986
12,233339.5119184257
13,228026.29445076268
14,224814.0670972158
15,220987.84745155973
16,224717.03282265924
17,294808.93081957975
18,321799.1947803506
19,309970.49718844274
20,298520.2178021979
21,291629.9779549818
22,294293.4411543588
23,294578.00325903296
24,151484.24023899867
25,204705.568134667
26,212380.141737987
27,197782.95123075257
28,187008.6383977644
29,182338.4099149119
30,177086.40756687356
31,175482.93525326546
32,255861.95900351545
33,253836.44105734874
34,219018.5780188611
35,188567.2252647188
36,174401.9184210439
37,169339.53793199093
38,163782.16334095842
39,159058.47646792233
40,170567.65129152127
41,192065.06678400084
42,204963.91374107706
43,208948.63079120393
44,212229.33886166522
45,214693.9545539925
46,212953.34851517522
47,208485.7557174957
48,252673.98488490743
49,298766.7073626346
50,300461.88371469465
51,282704.1675453693
52,265250.0393287729
53,251845.5281495719
54,245341.6161107453
55,239397.69370069657
56,426841.3294721332
57,419703.20233212656
58,406120.47334179573
59,412832.6185843291
60,423647.12805636623
61,430844.9969376649
62,429758.68236967246
63,431910.8629169393
64,319244.90107051085
65,373299.7977839117
66,356430.8889185145
67,331690.0440320619
68,314020.4536157176
69,303923.41412937123
70,301762.0232444163
71,303973.73300449434
72,195685.1952146691
73,222565.01780331004
74,227073.22679585192
75,224099.89703469502
76,226471.29555681508
77,228952.74840195943
78,230336.18062269088
79,227812.23117769527
80,327410.20584151364
81,433182.00005233684
82,445245.0659041067
83,419923.9684653948
84,401744.44157653576
85,391943.10273166373
86,387554.30733057106
87,383332.01806357945
88,252167.515880253
89,323296.04034991795
90,369565.7812304232
91,383065.5601875849
92,388903.30877354124
93,389933.1852583106
94,388869.26988140633
95,383948.15244179894
96,116607.86731849337
97,130631.49490298997
98,143159.48688899737
99,144680.64788760294
100,142842.0491391737
101,142057.4885522074
102,142420.42826665437
103,141622.93376447863
104,367127.4296173671
105,341398.0092632504
106,331412.8893858698
107,343858.471921453
108,352155.6319538618
109,358930.3692763563
110,358659.99346757494
111,357072.4561567436
112,316034.0694792559
113,319410.7120007399
114,314282.7603276394
115,316351.1864234521
116,318825.2378677537
117,318533.9142558504
118,318391.3129795023
119,321460.87904594216
120,134939.5000922674
121,144706.18302855134
122,158545.71893895546
123,172277.28247346726
124,182168.2809589834
125,190817.058095426
126,197523.9052664475
127,198609.24844142736
128,500182.2092384026
129,484571.8697192283
130,458542.6099293311
131,434162.53076965484
132,422477.8663963253
133,413846.8399365981
134,410397.0944916354
135,409264.4875830598
136,19701.718275116233
137,22663.782963394333
138,24027.165251414524
139,25101.771648403577
140,26253.151307910564
141,27024.110524539225
142,27113.460393097717
143,25758.738412947743
144,353668.58186681446
145,462783.8922910687
146,486455.6089039673
147,458687.82206574164
148,443489.6588645881
149,433539.32043016364
150,423357.65913747216
151,410661.87262543663
152,220878.2312990396
153,269331.3211519319
154,284696.244433387
155,274892.9948429641
156,272295.05869818205
157,270064.46537008043
158,268958.8408154284
159,268457.077282369
160,629830.3491143205
161,530171.6424953864
162,444254.35672927706
163,425086.8798035558
164,420087.8275272432
165,413316.5384479295
166,409550.9577257451
167,419488.653865361
168,162768.33801457525
169,197218.74003392633
170,211850.83666470155
171,204766.15486794326
172,202852.49675655147
173,199461.35970543075
174,198651.02284080567
175,200404.25261518423
176,609574.7468449874
177,587494.1945366132
178,567965.2736516978
179,545311.5507523273
180,538917.6281818519
181,543567.0446765968
182,541235.0442561617
183,534241.2216863313
184,333400.1473144252
185,293383.3800589018
186,282086.48746890255
187,278516.86942214874
188,276825.8963120467
189,278872.2457316038
190,282002.4614742673
191,285672.57365080924
192,333070.52309593605
193,356774.3166718092
194,363650.4255296253
195,360884.42206581705
196,365118.97502695647
197,369093.9135220387
198,370494.51709450205
199,369680.1220849266
200,268799.8170051043
201,364609.69481812534
202,380381.37170834624
203,364828.3571563652
204,352568.57107934414
205,338649.61370943865
206,330085.49341951637
207,322480.0801024655
208,133409.6005700048
209,148433.64693839004
210,161535.76433678405
211,162717.99166477803
212,166572.29420684336
213,167569.2493569827
214,171020.27901008082
215,172268.12508104267
216,406439.26165303483
217,301182.95871966507
218,260507.70713185743
219,260654.0326668379
220,264290.4499054655
221,267716.5431188656
222,270980.5839149394
223,276810.73031927843
224,260291.36433452475
225,209598.19653643382
226,187939.13301808684
227,192647.23828121094
228,198368.86768419747
229,200770.91444742272
230,199960.58880604382
231,200954.34960159007
232,389215.1343301957
233,359618.9311388297
234,334888.1682183443
235,332579.10991259693
236,337642.4662357539
237,349731.1334967747
238,354433.17699032463
239,355917.4122527995
240,684557.7386766712
241,603448.3310873755
242,546050.9226659266
243,563285.7043116848
244,587288.1294939328
245,598279.4737058472
246,601734.1060862609
247,605997.0737126211
248,454625.2395650843
249,429497.16279736056
250,440449.74725261517
251,443772.0372798971
252,440522.3933864866
253,435060.0238719097
254,439204.3959931414
255,442491.85720076715
256,231381.08452940616
257,292988.7593682495
258,344007.20210777264
259,351924.5874512431
260,342958.09629406367
261,330697.04773649323
262,328623.00880737504
263,325774.50396536186
264,456117.0886939539
265,428581.8259481583
266,413254.7099165485
267,403117.9034966305
268,395947.7766898496
269,394415.5652262938
270,397477.8370543127
271,397542.00912360667
272,467998.9427417714
273,506278.17015211715
274,526219.2392021581
275,521773.51585179695
276,521547.6926018953
277,518600.3705905417
278,517009.05134558957
279,517151.44966573117
280,319588.0100298706
281,349601.80700233736
282,347125.3872264457
283,328716.2025393608
284,317352.3962251236
285,312496.5165645777
286,311289.93604654504
287,308509.3296736122
288,203361.7676806503
289,194393.790090482
290,182946.94371404135
291,182047.47115931343
292,182887.07042729695
293,186406.1266714747
294,191664.00811333297
295,190736.23497999168
296,265781.76097954204
297,277129.2170003976
298,273978.85715609044
299,269628.4494744433
300,267374.92574122566
301,268977.05907002266
302,267252.36745225976
303,264443.328557425
304,71114.09705403124
305,91470.26228009656
306,100308.16043962887
307,96341.197677024
308,93516.09596605581
309,92729.41952727555
310,92741.57231896272
311,92361.75429361768
312,235140.48278662591
313,219442.87634775616
314,202923.32996049855
315,197808.09279799357
316,191747.1411617762
317,186762.15725973182
318,186105.89775299907
319,184656.34631207623
320,395830.7507869237
321,301896.320389352
322,280254.6208532038
323,297267.06524949067
324,306733.8562680559
325,310897.68456566235
326,313698.0679481394
327,316463.5794144716
328,367543.1520766422
329,423726.50797287165
330,437677.4538264667
331,420123.77334618475
332,402635.1325027597
333,389982.10082269675
334,374277.6723638659
335,360330.48962333694
336,212009.639823896
337,227384.18933298043
338,244595.6670540078
339,254585.4083114354
340,259209.25504272126
341,256413.6324866032
342,250892.3188867364
343,254237.97406214726
344,432810.895816468
345,378883.09894384514
346,346775.2162400771
347,349135.7396213311
348,349399.7490223396
349,347936.6583773022
350,350420.2054380746
351,346739.66849087185
352,167174.6006120036
353,169120.7377624279
354,175177.38024816435
355,169796.3754682559
356,163898.62481206263
357,157905.6774110873
358,154229.79903763195
359,155742.9454287382
360,154334.143078996
361,165254.42188771983
362,168700.70295764436
363,162455.03357444913
364,156982.77253550032
365,154248.12361757076
366,151398.02164467218
367,148858.98085533385
368,254229.0265795122
369,267860.5758612215
370,260918.60645960312
371,259419.0095072305
372,261435.77933498178
373,262182.63540446653
374,260907.0247811211
375,257668.16896280355
376,191351.05219536682
377,247791.7453855714
378,263277.0383313087
379,262662.9651099632
380,266223.547320454
381,275671.92040526355
382,282691.56971816253
383,280167.0087418568
384,522120.3311530459
385,502201.874996571
386,476947.04971532617
387,460482.93079016707
388,451585.11614280037
389,437966.09630056185
390,431545.32615688187
391,435647.16478180967
392,261318.3277798876
393,228877.48512917978
394,217915.65869897808
395,223094.47761488456
396,232774.6621768989
397,242454.86290706994
398,256294.25184637366
399,258987.95378646877
400,302814.7849604362
401,283439.54442077695
402,275380.34250939754
403,260797.8065425679
404,249073.89317534346
405,241536.1354206124
406,241225.79910769968
407,243200.2803588739
408,363443.58871147124
409,418845.9299797737
410,466764.2188462873
411,462569.5176506449
412,455368.9026344407
413,450804.54220667016
414,450932.6926419816
415,446328.8282446742
416,286398.14256668824
417,264033.97828610823
418,239491.1392581937
419,225252.50950298022
420,220820.84492701796
421,221548.76036231357
422,218362.2525403192
423,215393.15570962382
424,191166.40881140673
425,258430.39203265423
426,277076.46068962687
427,264326.66654315713
428,252415.41908160385
429,241837.07452022907
430,237644.11401433602
431,236218.26528394665
432,280758.3825147574
433,319017.96407269395
434,323560.71074830805
435,314814.02282230917
436,311642.82332374714
437,312786.4134412015
438,309722.06550883234
439,307945.3821359128
440,146721.27670707591
441,172956.03180677912
442,183264.836083207
443,179630.82765081432
444,174870.10585483088
445,172305.16653279465
446,169864.43949076234
447,168217.12213853898
448,439630.983665003
449,494959.0208096615
450,507424.45440966287
451,484725.85177307
452,474410.3326841154
453,466173.5401368709
454,450646.76813604485
455,444061.534677018
456,126856.52528383411
457,123679.29948867043
458,121464.30025400856
459,121497.79649100945
460,119517.30388147235
461,118306.59695592878
462,121301.89894091996
463,121292.93414117343
464,35474.10712266041
465,58639.25198110833
466,73015.2488336284
467,73662.0252068881
468,70792.3599024443
469,69018.34900998487
470,68385.68638681294
471,68808.94412343891
472,501880.90311976196
473,476256.9780921247
474,470883.32488105324
475,454915.54357347975
476,453165.19184126286
477,456045.7398795201
478,456271.16549843905
479,454202.6343806427
480,459442.68811313657
481,457603.1522779574
482,444969.620870088
483,448064.5961543377
484,458049.3578596191
485,465424.6378367787
486,468882.9678979189
487,472321.77095805446
488,54226.10851642431
489,122899.15613581584
490,144079.07583425398
491,134000.47430189542
492,124064.62412234631
493,115651.39326595268
494,110289.74683702004
495,108263.6947237993
496,381096.7200737754
497,451456.4054906433
498,454723.7033346623
499,426690.7189200426
500,405589.8052553115
501,392978.3009683817
502,385523.3717486524
503,378291.7068730481
504,133802.92469185728
505,174869.69077068992
506,211994.64426541072
507,227334.48761125523
508,229183.28659656557
509,224984.07076160127
510,224706.03243019237
511,232214.19761384538
512,38758.383693671436
513,70610.72458559627
514,82917.61392900653
515,82689.43707685848
516,81547.13332985138
517,81242.43481536646
518,83570.22067167837
519,84849.328547085
520,200127.26023402606
521,187262.1035928587
522,186586.4566138846
523,193532.24006736034
524,200108.51263494283
525,202217.87098437228
526,204144.1590651945
527,208238.47595644806
528,149484.39047457644
529,204410.1025836349
530,223582.2539225851
531,210646.2731747705
532,202336.90909607438
533,196253.78227520117
534,187463.78076887666
535,180787.01313484117
536,230558.71862394176
537,326456.7018891093
538,377607.4658163677
539,394435.70222644607
540,399706.51033180545
541,403528.6857503918
542,407417.50428264926
543,407393.0209508387
544,298268.02865290706
545,321450.0762487977
546,326797.50991776556
547,320715.5666433703
548,313329.88943426777
549,305791.5734126355
550,301856.70286744565
551,297649.5753011682
552,354562.9753431646
553,356964.2267575057
554,369798.7620971374
555,361083.44386289356
556,353162.98906692973
557,345161.9379742504
558,340771.4512184534
559,341536.3741674006
560,122265.39629090411
561,163031.56244432938
562,196718.07025166095
563,212757.7273520649
564,214959.01979241802
565,210552.92266386648
566,208194.55507503627
567,210608.32203160514
568,178884.50908884025
569,250072.24834766585
570,279886.69898781664
571,282989.9363225028
572,288668.12400934007
573,290433.37145701784
574,289356.9475605254
575,288502.3731791189
576,229588.8249686255
577,277375.02031644015
578,293520.2507842865
579,287298.34522475704
580,286877.54968000005
581,283749.9230853811
582,276220.7398025508
583,267795.72665993567
584,373576.0771466985
585,397383.5607574675
586,407566.7779497438
587,406530.0653474112
588,400521.24590501364
589,385623.25746080314
590,378409.23643096583
591,374028.89898930397
592,54710.34720767039
593,51453.096445086325
594,57211.79981707901
595,60070.397035041824
596,62741.339517638524
597,64472.485336106154
598,66739.7937833546
599,68167.80632505496
600,344257.27938792564
601,345384.2772087761
602,318050.87239711883
603,306412.49716882966
604,297843.931714335
605,294353.58175839885
606,297532.49278582085
607,290716.6136610723
608,169245.52831786967
609,220517.23960820225
610,241729.05769001282
611,235801.66397935673
612,232400.5805983998
613,227028.3405209236
614,221708.39920215635
615,223235.23731205118
616,84833.9739653315
617,124997.05723968026
618,136732.45261619508
619,137506.6478538378
620,135356.4762312008
621,131507.49485969395
622,127180.37624783587
623,124758.1278489948
624,358098.42767969216
625,384857.9040502893
626,396449.8330012729
627,409469.70240866404
628,423660.4584040474
629,428294.048806343
630,426629.2341372276
631,429147.2349831348
632,228791.41375333082
633,271024.8425355739
634,303616.8636298337
635,313706.2205996606
636,320394.01217276586
637,322635.7499178735
638,322744.4693255847
639,319217.435187881
640,323649.2239598189
641,340933.8245047985
642,346758.32811077643
643,350005.29485138017
644,350935.10550677625
645,348915.6752172947
646,347528.0113055563
647,345879.3538507833
648,312835.29902765795
649,382137.74903500255
650,406183.944647923
651,396141.20821281447
652,385961.53931689716
653,377252.2056784621
654,376238.4036575376
655,378180.59458361124
656,361704.7669309661
657,349320.55044737447
658,309028.19236958487
659,274443.1375764507
660,260931.05685776775
661,255783.9556002606
662,257084.99784206582
663,260881.7781637761
664,150772.36672679838
665,148815.1694584663
666,140675.30359311702
667,142397.16798869288
668,146801.49631425372
669,148599.1622130245
670,148048.55778424753
671,148559.62446057255
672,274057.24981702724
673,320813.559984415
674,346531.3588844697
675,344378.10839500657
676,330011.22260647605
677,316762.2614888123
678,311253.67267227464
679,307295.11881523987
680,216440.29343384848
681,243681.3625216651
682,239959.47474557805
683,234151.92257129998
684,234067.95312515937
685,234522.96691329347
686,230911.70287144795
687,227142.37302873458
688,176914.84336683966
689,205050.06454488798
690,230324.81961731781
691,229368.0835059345
692,227751.56332758747
693,222814.19032782537
694,219601.72491412325
695,218709.65267745283
696,321364.92309247126
697,301933.49903444445
698,314445.179040589
699,322815.7814091214
700,324863.5681799497
701,322958.12519937067
702,323091.1401287897
703,326682.5300034908
704,150689.51719470904
705,155584.2800341644
706,161508.7649605477
707,162064.89555308176
708,160524.51202049578
709,158443.5511813067
710,159111.23260741576
711,157932.1022233948
712,400121.1773932107
713,326462.50277686154
714,279995.32569832704
715,278322.5049310523
716,279986.32949498034
717,279692.5981480227
718,278960.44471091265
719,278173.2872834684
720,443624.3834261539
721,515412.03013314813
722,531693.2812950442
723,506276.0578394221
724,483944.9322542007
725,467909.8461443201
726,460395.8770145468
727,450618.3408559194
728,471162.89681090624
729,409503.4283956378
730,398141.5463132861
731,410217.50610104797
732,418932.49159915315
733,422020.21410162305
734,427060.47882085183
735,434255.65902851115
736,394516.2425964188
737,444923.19295541244
738,465831.8774036502
739,458832.3532248645
740,449584.0518379051
741,443219.4729058647
742,440135.6497538426
743,432746.2008775372
744,179345.40026902079
745,226997.7077613034
746,247389.0276953841
747,248655.54563296755
748,250772.38667410213
749,253614.0952411408
750,254614.96795107648
751,247280.37034473117
752,189803.68208551552
753,208735.34288579965
754,229697.83885519562
755,239738.10945033169
756,243048.06325815697
757,239764.3312997819
758,235536.30317179917
759,231632.98842846847
760,185152.62306078838
761,166660.05784157923
762,149821.56693154533
763,132242.52200301478
764,115614.5207957279
765,104309.81350147448
766,94280.3346770315
767,91355.3021920218
768,157140.83752936998
769,229561.55160743132
770,252146.05200363765
771,246064.81490835635
772,232894.4263017021
773,220229.13342219265
774,213889.7360052514
775,211594.36582169187
776,106725.58469718942
777,117901.67416812587
778,134284.46920886054
779,136619.49834474683
780,140006.8861998709
781,146110.4865840691
782,150658.94455066143
783,151225.7035570877
784,462570.8345600085
785,401319.75159731053
786,376288.09943522466
787,374228.6515209049
788,372789.3194112513
789,372186.2756890486
790,373875.67108191806
791,374201.0174946063
792,117847.1703749494
793,170564.077228705
794,194860.94359325018
795,193445.9038257596
796,185603.86644421116
797,175359.00649102984
798,170196.42485267375
799,167950.21377721726
800,352707.7482793145
801,403679.88678781735
802,432351.68126904295
803,441433.20929083857
804,447383.15825895034
805,457261.2604654336
806,462962.0683463508
807,460622.410819941
808,517738.76149782166
809,462776.77571860375
810,427208.55461427727
811,425006.3566955849
812,437194.82239430666
813,444616.2940728936
814,447867.26668749633
815,453720.5665653809
816,181966.10300592642
817,215901.82820874365
818,202384.71368070383
819,173856.7859612902
820,160178.29805560468
821,152704.52899926348
822,147814.5267547899
823,145511.26088056865
824,310481.09677144355
825,308885.45026118145
826,303671.73716207803
827,294924.9228033804
828,294357.1139773905
829,300091.26011785725
830,297934.7567097409
831,298745.721102141
832,290320.2382798842
833,345724.11002348526
834,331861.4690121009
835,308351.0699803563
836,293003.4572596411
837,282546.88720137277
838,272230.84675029456
839,265999.2809721021
840,502239.0461075782
841,400137.2966551933
842,334288.3114014483
843,342052.60529506515
844,352309.33405919874
845,362801.4678981986
846,364627.62342653924
847,361693.76510725264
848,143361.4339609819
849,141681.2804505797
850,143903.5975689514
851,148594.22622094405
852,149969.03864295612
853,149193.01205981226
854,151431.70215883627
855,153685.88218422947
856,472196.1216175413
857,437725.91074569424
858,446029.57868861005
859,468156.9908596168
860,476486.01261666877
861,473161.0621587035
862,470162.9889290914
863,467826.00075856
864,171306.76838762127
865,174417.35036837799
866,172269.38438165624
867,165886.2216601707
868,164500.60654932057
869,166674.5431833192
870,170709.0302783515
871,172583.66127953317
872,381603.67345267173
873,461459.4668084552
874,486449.0439357833
875,453848.7807715718
876,432814.1123289196
877,420266.10799066053
878,419634.904774527
879,411838.6036077797
880,251065.5440888241
881,221049.62445928168
882,224593.95388528943
883,233742.88627628377
884,241638.05959961461
885,251036.40634090966
886,259952.02814180686
887,263622.54170328507
888,132611.29711800485
889,124244.3562564597
890,133712.05141827188
891,145330.61750330083
892,151428.2257417192
893,151689.75390639898
894,151561.68528243006
895,154737.07330015738
896,285158.8387382524
897,272113.3906890683
898,275830.295272798
899,280002.1268047296
900,288095.1772103456
901,294153.2539163438
902,299315.4510222924
903,301411.273627299
904,132746.32283144712
905,142482.37374990562
906,137774.34814425485
907,134353.772327375
908,136391.4138656057
909,140110.75979777175
910,140175.90322900316
911,134258.800825691
912,611246.8579078221
913,439587.4467903131
914,345908.3845407376
915,348227.1361166064
916,363590.05955625896
917,380125.58921680355
918,394035.7095377961
919,400331.81718827784
920,369807.91386843805
921,334182.92552970635
922,317007.9748845187
923,312169.49274309416
924,309574.96140033513
925,304511.7806496029
926,296769.3251857641
927,291665.0802297926
928,234599.3605930035
929,328847.6840317092
930,347892.8627272156
931,330592.2412399098
932,318383.35688335245
933,310628.2602362016
934,304335.7842603178
935,296160.00347594183
936,270526.9388208479
937,190913.4276015284
938,185134.21549454768
939,208598.96946433547
940,224287.22546415572
941,235446.2889828893
942,245929.37980931593
943,254133.9970376604
944,291054.3050206685
945,295247.7876013641
946,282276.1413436536
947,279932.2602256005
948,278234.46832909
949,274010.58808606846
950,271297.57263881265
951,273618.83839985996
952,154774.10153112866
953,145515.10337116866
954,129064.39958896194
955,114501.83775867513
956,107908.16706583314
957,107490.23854974075
958,109294.95099693071
959,111536.47621213796
960,54963.80052480765
961,96153.22011369333
962,102849.34042595525
963,89728.92755237309
964,79419.61761324524
965,70982.97778762091
966,64001.02949165105
967,58676.73015058006
968,393627.6974111751
969,409868.95290794666
970,404026.37237002456
971,392300.06761160446
972,391508.5950389167
973,393601.83698854235
974,389579.2409533446
975,381913.7716809637
976,63017.47363464668
977,86447.5279468344
978,97027.59114724933
979,97698.25169490295
980,98365.15729380856
981,99530.22752768517
982,99628.17764731019
983,98232.91114314436
984,366643.94031901465
985,308412.1444368613
986,303263.1127622107
987,324862.5541706438
988,330565.8753748474
989,324737.0217109383
990,324097.12428866944
991,315737.8127214737
992,119736.42057716358
993,162784.27093740407
994,167108.29738694977
995,152455.25106998126
996,146054.9142947998
997,144451.6447660778
998,140086.73005025837
999,132171.4594238988
1000,314839.4237106264
1001,318275.1321154716
1002,314231.14099523623
1003,303627.28731671226
1004,294578.65504035837
1005,284971.75916266185
1006,278957.6858796827
1007,274801.70933022344
1008,215902.6565571346
1009,261367.09562501774
1010,267220.307858866
1011,256036.4472345215
1012,252303.41562809117
1013,250963.48569769278
1014,247433.2170331128
1015,244842.13528158283
1016,338764.0649062686
1017,315710.89853015565
1018,316748.56809727603
1019,317258.1961601282
1020,324796.46360295045
1021,330245.9328530506
1022,332109.790963573
1023,332047.4663680454
1024,448998.2272692043
1025,607987.5978122854
1026,631363.2517492615
1027,590285.5076937949
1028,561324.3146406971
1029,542926.4599904488
1030,538719.7881568128
1031,536292.7723243907
1032,359333.78458930354
1033,422293.59319887357
1034,441507.83359749184
1035,415380.71894572023
1036,398734.81771676627
1037,388382.4746014835
1038,386386.94860306213
1039,384224.4447908831
1040,307035.81022628926
1041,360088.7479393745
1042,387335.06329237606
1043,369069.7281656703
1044,348973.5611075775
1045,333202.8516285719
1046,328330.8162405243
1047,324146.71465160826
1048,330082.99834346026
1049,243858.91051005578
1050,233047.07665869372
1051,249900.34296514362
1052,261984.8215223605
1053,267799.49142148485
1054,267171.99684135715
1055,269948.1098791995
1056,212906.83467143867
1057,239560.02002906642
1058,230816.81379269378
1059,212781.41424131393
1060,200989.6002216783
1061,192605.76871967714
1062,183932.1228299182
1063,182361.0092952939
1064,103770.01392030594
1065,118737.27260923965
1066,126145.94885921277
1067,129068.12801985684
1068,134672.08320367438
1069,138523.6443934737
1070,139856.5013660205
1071,140926.94722943028
1072,283847.1150448178
1073,262324.5567356915
1074,255169.0294832691
1075,249920.75717328175
1076,244361.5598893842
1077,241690.59957908024
1078,240870.63317677318
1079,241083.89310180943
1080,306316.82801185123
1081,424032.203222947
1082,439200.11199815205
1083,409392.1889635839
1084,390628.8398231204
1085,384452.4488870886
1086,380028.63691981556
1087,371898.67706744483
1088,46444.65653975005
1089,81883.22477273823
1090,82210.49373734591
1091,71463.32663130213
1092,65239.01040007576
1093,60194.74430918769
1094,57647.70333129878
1095,56719.82112202031
1096,119190.87101384517
1097,146361.02631109965
1098,159347.45542137226
1099,160986.30795661375
1100,161948.7916179141
1101,161509.69730168043
1102,160425.1696661497
1103,160698.3510591247
1104,259772.41428001336
1105,323510.6662888811
1106,329576.2558351826
1107,312625.78490073455
1108,300700.0818131222
1109,290929.80891693354
1110,288228.5010729751
1111,284622.54219549615
1112,257258.38942240714
1113,301771.6360172039
1114,316290.6080325198
1115,308957.6030516861
1116,306823.92484869674
1117,305500.0614846945
1118,300849.9565907758
1119,296170.7177158067
1120,20830.627171704225
1121,34272.299063191895
1122,39813.44683460961
1123,39899.26236164296
1124,39987.1422076149
1125,38013.13613211387
1126,36092.10424513137
1127,34834.21971600913
1128,153860.46269104746
1129,119535.57400533528
1130,107470.29996352957
1131,112821.4817467076
1132,115087.39482228277
1133,115197.67725165194
1134,117954.19917107283
1135,119893.82173060701
1136,451757.43948241195
1137,442517.78130463656
1138,416607.3177500245
1139,392423.96325950994
1140,383933.3113257206
1141,389130.9478090158
1142,389954.87437251967
1143,385878.2936694672
1144,291244.4037193901
1145,347823.6138035472
1146,363121.2629660179
1147,349224.01934766286
1148,336643.3572641545
1149,324809.10288017086
1150,316945.39270891243
1151,314542.400175849
1152,134314.93267239543
1153,82980.95961451184
1154,86148.32447944849
1155,107964.85528285353
1156,122892.36890235794
1157,131186.58518363684
1158,136054.0789915483
1159,141924.8861650228
1160,552573.4385955303
1161,534339.6894063475
1162,520316.8665303693
1163,510097.7716918295
1164,504506.5330885564
1165,498406.44719659426
1166,495571.1134095825
1167,496452.04390917113
1168,347565.50812657643
1169,346843.398383323
1170,312807.10713307804
1171,296546.2745775679
1172,293298.7158016566
1173,290311.82684684196
1174,286494.75698120275
1175,287554.7463474535
1176,215088.01344601065
1177,282599.57316802186
1178,289589.8809845473
1179,261214.56080494585
1180,243323.452497914
1181,236570.892342516
1182,234651.1072289247
1183,229097.42116956098
1184,182699.74170899094
1185,251190.42611107472
1186,267486.7953732415
1187,256296.31269044874
1188,251734.87508640956
1189,251423.16470502323
1190,248387.42279623862
1191,245526.75024016615
1192,408545.1259803617
1193,359139.9310156211
1194,320329.3340348697
1195,311628.6851327263
1196,313227.4208126897
1197,316601.400337528
1198,315762.51258258463
1199,314416.5515917877
1200,147286.0372719912
1201,131695.8633252771
1202,121748.89673248294
1203,122455.82069210452
1204,117817.41532300483
1205,111713.9151105198
1206,106882.14013487071
1207,104115.10203509568
1208,134771.2304397877
1209,165146.08359052608
1210,165269.591586813
1211,164951.82912495924
1212,159790.35450037516
1213,154156.77591468758
1214,153385.3525805292
1215,150540.71614713364
1216,345245.53732832184
1217,488324.03817725595
1218,505562.6061833127
1219,474322.32080324984
1220,453752.0167168039
1221,440197.2700709494
1222,432372.90920025075
1223,426402.88034967985
1224,565217.7920227979
1225,482524.5111936968
1226,420447.2028944187
1227,396702.4211990015
1228,380207.7760763945
1229,368614.0890131535
1230,361842.6698059358
1231,357591.8509334585
1232,193890.62595152122
1233,138757.88461779873
1234,110197.7340276588
1235,109032.4084518058
1236,110408.2230896278
1237,110860.43176235471
1238,108704.43031745485
1239,110214.4054062909
1240,84379.55372210487
1241,89634.52153921366
1242,106555.25148569289
1243,119616.36958266204
1244,127788.99023867343
1245,131682.13898562602
1246,129940.14427513513
1247,126703.99661189754
1248,311623.7654481286
1249,301718.81476448115
1250,303734.805447584
1251,305700.22395421134
1252,306180.99203157297
1253,303834.250052231
1254,299777.15782158193
1255,296908.4242417879
1256,173421.3001990436
1257,264540.9949088304
1258,286687.2369204684
1259,271742.00389820477
1260,257821.41035676489
1261,245921.46227681823
1262,246544.99026176563
1263,247628.6980169296
1264,143355.1790670788
1265,122745.17466918158
1266,110882.4975415791
1267,101751.17707888773
1268,97298.86680871685
1269,94135.1232631526
1270,95102.8835362008
1271,98933.93289939192
1272,199215.83471147457
1273,222726.7686429896
1274,228999.20179056094
1275,216398.92881474155
1276,203742.8636029542
1277,195078.5295337767
1278,188601.92553669686
1279,183068.9650542475
1280,411595.9023661129
1281,352740.85562758707
1282,307456.94047727244
1283,301025.6946743773
1284,301234.35881318484
1285,301979.9440135693
1286,307742.9579195807
1287,308160.9129196495
1288,641977.5212697941
1289,564895.3830103711
1290,524902.9202347695
1291,508417.8697291594
1292,505443.73249677697
1293,511537.73851926334
1294,515305.91524171166
1295,514940.176614141
1296,648021.0304985734
1297,584476.0194497921
1298,533119.5650425486
1299,497576.6122349155
1300,478541.52758587815
1301,469604.5235251996
1302,463153.7696869134
1303,459408.4092330409
1304,590393.714309698
1305,507985.297800919
1306,465862.6976732314
1307,478690.72984571214
1308,493415.84159664606
1309,498263.1207971093
1310,499739.9414131893
1311,506612.91434481833
1312,87863.5552370082
1313,103554.71992123808
1314,116021.71330104867
1315,116623.65075403819
1316,116278.48814342823
1317,115473.13011032506
1318,116058.39162406855
1319,114246.24528483627
1320,301123.85296540277
1321,311836.43068398634
1322,328455.2256911141
1323,325193.520896464
1324,323783.71282579744
1325,328586.89722291415
1326,336595.2693631896
1327,337339.070421193
1328,57789.053265813156
1329,62832.58750588115
1330,69767.35142879013
1331,75011.28722766502
1332,78262.1073557901
1333,78715.10410104584
1334,77852.29626419832
1335,77047.28404431863
1336,192118.22870645902
1337,117689.29004340296
1338,91774.58607817272
1339,100078.6425065242
1340,108469.81084455817
1341,113464.67617776667
1342,117153.93301362399
1343,118515.87538821736
1344,492054.0928690837
1345,504978.3009405949
1346,500713.343746656
1347,500850.4007284264
1348,495841.35012976715
1349,489713.6041321071
1350,482078.4850665217
1351,476626.2821679681
1352,385167.55146066897
1353,385504.09971452295
1354,401196.654775757
1355,410406.9342628429
1356,404994.04696847446
1357,397134.8397502635
1358,399931.65019537765
1359,393786.1687339723
1360,168274.5990671445
1361,132272.4588243257
1362,136039.91146767684
1363,150878.83340778935
1364,157044.26144872658
1365,160359.03849117507
1366,165843.61586776318
1367,164072.99668296785
1368,239613.1060578638
1369,256111.16304682867
1370,262935.5054634441
1371,268570.85295876284
1372,273396.4498807692
1373,269702.7106969246
1374,265277.8746318359
1375,265140.9331896793
1376,328216.6509781497
1377,303193.3179915984
1378,268398.16299290466
1379,259521.38268888168
1380,260107.50703389553
1381,257214.9241187404
1382,249209.43832277227
1383,248696.0353211518
1384,363432.8612322548
1385,379221.92673274816
1386,384746.97125674866
1387,370600.1344064937
1388,357499.52419206925
1389,346555.8818317311
1390,338552.4461492472
1391,336963.11584252765
1392,254265.9395500489
1393,266581.6895436587
1394,296861.3404732588
1395,309194.8295712517
1396,312162.80952700484
1397,312700.1067597197
1398,313595.6561408959
1399,316511.5064458151
1400,205617.87978888
1401,195491.6962408442
1402,192061.95622618153
1403,199915.89136652922
1404,198153.34840272335
1405,189545.87362526907
1406,184867.63344616193
1407,182268.50636532926
1408,578873.1362913318
1409,502523.65249717823
1410,447681.501447765
1411,431362.43206754746
1412,420083.38735274243
1413,412460.67664022546
1414,407444.7707705442
1415,401213.01366169506
1416,122479.53495510091
1417,135311.95050622517
1418,143907.7148713922
1419,147481.06572757167
1420,146072.34694166944
1421,139363.27780299517
1422,135848.91405285575
1423,134823.24126216778
1424,82881.22474401724
1425,124525.18456373073
1426,140820.485823941
1427,136735.61438240396
1428,129985.95323929505
1429,124028.82649494876
1430,117675.91810247398
1431,109887.15006320906
1432,330642.46647262434
1433,359271.8472476424
1434,372110.30818563997
1435,376461.72362922557
1436,375110.4287930563
1437,366294.6137273648
1438,359231.8894800645
1439,353223.27794294246
1440,252082.73860209613
1441,279722.7323300637
1442,293283.3755126776
1443,311172.7993126129
1444,325897.4955776585
1445,333448.9143902713
1446,336837.670134036
1447,330878.9329924965
1448,207050.5635796103
1449,276459.4621434752
1450,296465.58411312365
1451,290286.0221678273
1452,289765.911124107
1453,289732.86801281985
1454,287034.86835208134
1455,281326.39628668
1456,234581.9635184119
1457,300880.8688821322
1458,331583.1266883116
1459,336646.12790895527
1460,335228.4469309291
1461,323779.4977448861
1462,319837.3410850876
1463,321556.1321253709
1464,134971.88666950306
1465,156423.2878939702
1466,156378.11314177018
1467,146015.3743541799
1468,135537.33607120515
1469,126250.72408484283
1470,122592.03875696447
1471,123499.93272415007
1472,483594.667257724
1473,357279.884977871
1474,305424.7899443866
1475,317714.5578880827
1476,331755.33721744735
1477,344497.12090106995
1478,349730.58420688444
1479,351736.16963001597
1480,230055.424119045
1481,262098.33374368516
1482,269908.1118029423
1483,260948.43982329042
1484,258524.03263212417
1485,261300.34006182346
1486,259092.96588323347
1487,255878.09612838656
1488,320985.2693339185
1489,281854.97255517094
1490,273381.4279136928
1491,276643.79545101046
1492,275388.88042468653
1493,273499.7878438365
1494,271335.2499825803
1495,268872.8957870859
1496,360213.5713352269
1497,260858.92066217426
1498,251592.5070089455
1499,269253.6760038074
1500,282862.13722331874
1501,291740.2219038464
1502,298038.7337959081
1503,306845.40244578576
1504,90150.4222565596
1505,137247.264758964
1506,151923.73992886077
1507,146979.06990842798
1508,142279.990779082
1509,137706.4250439666
1510,130990.06865408723
1511,127621.68369228792
1512,363748.9664977768
1513,366434.809061361
1514,355362.2920103431
1515,333962.4031244114
1516,320638.58235413354
1517,313875.93726698856
1518,308021.5053044108
1519,307855.50153873145
1520,203694.1409777259
1521,263276.7163544849
1522,275315.6165475888
1523,265059.9349007838
1524,261872.01545941678
1525,264990.55366767116
1526,263058.9679330617
1527,258004.020329977
1528,323630.9792576209
1529,349314.1150161221
1530,336826.8526525001
1531,320394.1835631718
1532,311137.21720942017
1533,310327.52906824125
1534,311282.85509710043
1535,314343.34652818233
1536,236430.1639714062
1537,297993.0440412925
1538,325572.2323086075
1539,316829.0273538315
1540,303925.9350284486
1541,291754.40321969485
1542,280970.8256028816
1543,273426.84342092514
1544,193005.02977598354
1545,275181.9045943001
1546,289746.88750234013
1547,265002.64788775594
1548,247045.95974878085
1549,232341.71093416805
1550,217703.50041622273
1551,205403.32666164124
1552,287918.90057994775
1553,212920.25005730032
1554,190199.1596366776
1555,182263.7736137446
1556,184146.52847510582
1557,188264.60449255293
1558,191571.01637083915
1559,192983.61475797894
1560,248813.735306566
1561,245364.79611264786
1562,238608.03767056367
1563,239909.75035105564
1564,237766.45959980908
1565,232030.5856866202
1566,226718.02148566575
1567,225372.302334732
1568,213703.51115905697
1569,221949.6103769879
1570,244797.467357472
1571,264098.096365369
1572,274990.79175505973
1573,284365.7639871533
1574,295426.26771543303
1575,300643.1499425049
1576,430572.24569871015
1577,468961.9738066057
1578,462665.879154561
1579,430197.0776908011
1580,409319.1634514544
1581,392775.38782317465
1582,382002.94488599955
1583,374587.20035100606
1584,226225.53136940036
1585,250639.90835203684
1586,244789.917220266
1587,241926.24905893236
1588,243077.5441665388
1589,241557.99546884137
1590,237399.4406457441
1591,237205.24244942184
1592,185314.6910082335
1593,160529.16654463962
1594,149192.76828353945
1595,143065.69453144263
1596,142846.42462176929
1597,142186.27841589932
1598,143017.69388616626
1599,144957.47390254418
1600,182357.7128738982
1601,194431.65577719777
1602,187643.73200298252
1603,182715.73453618237
1604,177158.18859664552
1605,174019.52976155706
1606,171474.44953348255
1607,171092.19039470976
1608,215874.4195799271
1609,212484.55156367942
1610,208585.11268298392
1611,207046.3023175866
1612,207510.23306657255
1613,204180.98679161508
1614,199380.2937640623
1615,201179.40733179625
1616,409336.63922397676
1617,345499.8516524262
1618,316097.2712102161
1619,302331.70631615684
1620,307467.12011193414
1621,317467.2594551829
1622,323999.68210166995
1623,327886.1450737138
1624,633771.4924790128
1625,561405.1409057365
1626,549793.5259036922
1627,582549.9934858748
1628,599836.8291851502
1629,602926.4625733681
1630,608854.3800572967
1631,615742.7417534183
1632,271614.7424390487
1633,302243.0996857253
1634,289550.93886437686
1635,281285.28928343684
1636,280059.5962938474
1637,284042.2443503743
1638,286104.27500107733
1639,285900.22430995054
1640,395007.6814917339
1641,363551.76307710825
1642,324363.73387771903
1643,303053.3406764303
1644,294446.1580180452
1645,294622.73225403565
1646,294887.70989732805
1647,286823.67715307296
1648,310106.4333317266
1649,317793.0189617177
1650,316514.555018176
1651,306533.0737979436
1652,302211.01512222755
1653,296083.1088121431
1654,289147.12331866624
1655,286721.03339999105
1656,421731.5945595275
1657,556411.385352095
1658,583241.6937875105
1659,567238.2758343348
1660,561339.7721635108
1661,556313.089595139
1662,546118.4941484404
1663,539269.4268278169
1664,121860.25572250667
1665,217525.57110324793
1666,235566.780934998
1667,219996.45036605978
1668,210245.07487512202
1669,201996.21119782902
1670,189757.1651786959
1671,184503.8977162112
1672,348807.6639648321
1673,396328.5387435395
1674,447062.3187656639
1675,473253.8732765311
1676,477746.2732821112
1677,476572.85086654266
1678,474320.768307782
1679,468706.69998469093
1680,138757.9233729637
1681,137912.65508289615
1682,132721.86377018213
1683,133150.78252215797
1684,135922.01396735475
1685,137257.72092315112
1686,137724.18061635166
1687,137647.70490085633
1688,177912.92213054438
1689,251474.9654537123
1690,290496.8971305043
1691,294528.3875709243
1692,287088.7626361059
1693,277193.1816937216
1694,269782.5745205737
1695,262176.5187650741
1696,516302.13568825263
1697,484373.32273008255
1698,477833.17216671235
1699,486885.9612119563
1700,487945.095277612
1701,485363.3218432266
1702,479323.49201369146
1703,471790.923720871
1704,152449.9196832243
1705,147988.2669379397
1706,144163.53751621064
1707,137593.06631552413
1708,132969.23849146182
1709,132266.2964290017
1710,135767.69063325925
1711,136242.66083351718
1712,276159.75127597013
1713,285173.80309427826
1714,295803.4471644105
1715,293895.36479384423
1716,289264.4376518778
1717,283035.4558856549
1718,279013.9235313844
1719,275273.4852598343
1720,236470.91915268108
1721,256623.2462213161
1722,252344.60750829033
1723,220981.92370889906
1724,202887.06203277782
1725,196223.18251618335
1726,191029.20396181382
1727,187359.76274433587
1728,367274.65509346884
1729,364989.1972565095
1730,388815.3847491138
1731,392345.08940006647
1732,389131.6012605574
1733,385570.35961395083
1734,387811.93608923024
1735,386822.2082979624
1736,384539.9683477558
1737,434940.43880747666
1738,450541.4813068139
1739,433757.77141960675
1740,428969.85342138365
1741,424314.6243685693
1742,415398.9976394756
1743,407326.0973676275
1744,1149.112189901236
1745,2709.9941591942334
1746,3707.503651988285
1747,4030.4284394805436
1748,4385.390935667208
1749,5005.845012806647
1750,5881.865948218678
1751,5285.923291887506
1752,386719.74448964384
1753,350561.07092121127
1754,320335.82073932636
1755,317966.25886014034
1756,321373.71501030907
1757,322197.1193891965
1758,318186.8744887995
1759,315572.9844990687
1760,67129.26750365968
1761,69835.93665812185
1762,76859.50964361461
1763,80934.8120469889
1764,84635.51870992719
1765,86637.3590013443
1766,88737.04191601771
1767,90358.3156495317
1768,113071.69473125483
1769,163837.1032722871
1770,175261.41710634207
1771,163383.85723183258
1772,154852.43372530385
1773,147589.20364592026
1774,142286.5838646367
1775,140259.30012347116
1776,220584.36663279336
1777,237152.3520323112
1778,234666.73704442155
1779,221541.8558499053
1780,209394.52343666108
1781,199053.7088344877
1782,196489.9212289142
1783,193392.38446442355
1784,105245.71233982057
1785,138220.82120023304
1786,147591.5837614186
1787,139783.04643016314
1788,133399.35104404014
1789,128770.94021812122
1790,127408.51152428924
1791,126977.8977721419
1792,159964.8250108771
1793,166814.62910639902
1794,178524.05671689974
1795,182573.11892152834
1796,183013.26830862128
1797,177419.9326510498
1798,172615.1829041681
1799,171616.6941499464
1800,154056.595851938
1801,180662.75845752063
1802,182140.40407032036
1803,181155.33433022315
1804,184330.07627485017
1805,187805.71838711746
1806,192023.408914642
1807,194226.24671919353
1808,203389.20488394363
1809,203380.01119345217
1810,205091.87420621637
1811,213778.5559384451
1812,216721.4028114814
1813,214049.86459371966
1814,209887.74601102504
1815,207333.5387695764
1816,239605.16538987227
1817,231651.66715621034
1818,228734.99870426094
1819,221351.22368604946
1820,214824.34269246162
1821,206792.21318741044
1822,204695.19408627658
1823,208048.92176146898
1824,149094.66641274834
1825,197864.23781708785
1826,195984.21453197062
1827,183195.47090078148
1828,178004.66285317583
1829,181463.71691798663
1830,182193.02892956955
1831,180966.07114420546
1832,174470.13052510045
1833,217990.22058154087
1834,252860.59176213047
1835,247712.36759333708
1836,240540.92242419635
1837,232467.61444439815
1838,224228.608386804
1839,221637.69820632745
1840,128094.91811091796
1841,99002.70002844906
1842,80046.21121888206
1843,86090.1148458797
1844,92780.48427667367
1845,96179.83743284547
1846,99773.30206210067
1847,100397.97230873405
1848,300545.06129526364
1849,269566.17746038566
1850,271622.3021094423
1851,283926.47515341727
1852,293795.0692121107
1853,298260.5633419204
1854,299328.62091973866
1855,302763.21411315724
1856,24592.075990166282
1857,39297.697439908196
1858,54053.92491518162
1859,69307.0687420432
1860,83788.58996776136
1861,95285.46700903375
1862,102216.74803898027
1863,101622.58833283785
1864,297941.590795543
1865,288220.9300116748
1866,278318.04582816956
1867,272252.7719473257
1868,271043.426293902
1869,278532.15333675576
1870,287873.5862199714
1871,284604.2540401395
1872,386571.3012422033
1873,402653.5708137313
1874,398679.85024085204
1875,390219.02769131365
1876,382820.49686920136
1877,379140.006411141
1878,372447.9176223938
1879,370091.50086621166
1880,257386.93437739005
1881,203499.9958121191
1882,177310.12060219247
1883,185712.76106897538
1884,195340.98244586663
1885,201115.64576156606
1886,205200.03871404863
1887,206228.60884672252
1888,135332.50659691374
1889,157554.73889257188
1890,157089.07895103074
1891,148729.0543138996
1892,143404.40801826236
1893,142781.70914493094
1894,142914.99727597952
1895,136749.04181604265
1896,254415.77853683842
1897,251448.10760812124
1898,238615.92513531324
1899,230396.5171720438
1900,226344.9464391635
1901,227086.36133890614
1902,227767.6194742578
1903,225814.01791307444
1904,289484.935777901
1905,277937.9074884209
1906,304288.46797842695
1907,314547.18394770334
1908,319573.5104402595
1909,322446.97604993416
1910,329879.8117316697
1911,334227.32183730486
1912,250349.77212626158
1913,215243.65148054063
1914,211280.60398508236
1915,213819.21419948002
1916,214948.27113306752
1917,215201.57504960225
1918,212984.16453404052
1919,213254.67681414913
1920,196459.77310277038
1921,173360.44140956004
1922,173556.19574111237
1923,185022.15299305995
1924,186983.53868284583
1925,183469.06170414854
1926,182092.85250551478
1927,179381.0753346053
1928,194554.58992083182
1929,221023.5164431837
1930,244362.15349285412
1931,243625.74395137373
1932,241185.55131070496
1933,243505.76079325078
1934,244432.62925543997
1935,242241.7135823833
1936,131485.9244875334
1937,80909.42959871999
1938,68246.39973174804
1939,77627.52749848488
1940,87206.46291588177
1941,93700.47947338532
1942,95051.26731326294
1943,97278.1133287274
1944,273161.2021995024
1945,308051.1372535073
1946,325096.3992936949
1947,324077.89044493943
1948,328449.7218044785
1949,330703.5776610534
1950,325988.5257588002
1951,320981.63084481587
1952,194008.19178459654
1953,276739.85403229273
1954,305819.9396424432
1955,300974.6319690094
1956,296712.49014830973
1957,294937.98729041417
1958,295658.949105161
1959,290556.25148758176
1960,217356.36121278236
1961,193811.8058883692
1962,183645.88143382836
1963,179544.37545377636
1964,178362.46255912108
1965,177364.9303960653
1966,178091.3804585412
1967,179080.90420042723
1968,343570.2391321226
1969,366985.86844685994
1970,355024.3859353651
1971,354514.9769764353
1972,368356.8231398807
1973,377577.2165687085
1974,380701.2309386615
1975,385675.0925856435
1976,232864.08948960272
1977,263972.0945643757
1978,266963.71764452226
1979,253140.93988109048
1980,244494.0132486934
1981,238406.2509546108
1982,236097.7399884987
1983,232741.11012606195
1984,149297.47905609355
1985,130073.67890950927
1986,125974.58173881203
1987,133102.93187342264
1988,138665.464245843
1989,145968.26342924335
1990,155786.8965967538
1991,157565.47619481798
1992,352415.7480689779
1993,305843.0205973478
1994,292985.506031427
1995,293411.6569691144
1996,302108.8292968919
1997,310927.7879396505
1998,310338.75328717916
1999,309549.23572994897
2000,310098.2507464388
2001,371325.3061356875
2002,386699.81861344865
2003,371593.9758507947
2004,362579.85776687064
2005,354443.342159851
2006,345454.5378346357
2007,344843.29257571686
2008,551730.35056196
2009,561246.9584887032
2010,537711.9719694699
2011,508537.3944154028
2012,497522.95491914975
2013,490235.8028709463
2014,483773.6595715802
2015,477593.5058667449
2016,218602.97895935798
2017,266486.58637870784
2018,286555.6307100377
2019,281539.7414504587
2020,280083.85403846804
2021,278515.8792893305
2022,277608.84348177706
2023,279550.00344889524
2024,204927.56645589514
2025,240428.32774892967
2026,257132.83340907987
2027,256501.11303628384
2028,252916.12469236058
2029,251991.00096183855
2030,251505.87020763088
2031,252426.11255602786
2032,199418.91535578488
2033,260566.4874249037
2034,279455.83892041654
2035,283297.7401769621
2036,288412.02968722244
2037,290364.01739305374
2038,290918.7378379296
2039,291547.6293798085
2040,234815.04785934207
2041,230679.64590068103
2042,220185.86931887775
2043,212180.77345242456
2044,209604.44542425513
2045,210635.99796329538
2046,212941.67893084325
2047,212800.82252095258
2048,121285.04788320002
2049,151057.60293411286
2050,173387.2734380275
2051,175813.44474660646
2052,176018.8648424798
2053,173718.55771740753
2054,170302.59337190408
2055,169039.64824919033
2056,705424.0370316037
2057,597719.096561387
2058,543941.142903039
2059,540027.3092194677
2060,543490.2279423298
2061,551122.2604603869
2062,552951.3916699562
2063,557132.2674366122
2064,121668.35966831376
2065,134567.37736884397
2066,143121.38349530456
2067,142972.39345274353
2068,143092.991490452
2069,146581.85747642932
2070,150958.07855161763
2071,147353.73078939962
2072,133672.86842770322
2073,132407.68934453715
2074,129334.24619343149
2075,138736.39824753063
2076,148263.65066107558
2077,155136.25507607695
2078,155421.8718959704
2079,152692.26685600448
2080,373282.36827064166
2081,247909.14318336634
2082,210063.60425934987
2083,228352.97477076855
2084,247556.65670185947
2085,258030.85533852177
2086,264464.81080313097
2087,269660.0589702159
2088,210774.5207884839
2089,219026.46158818185
2090,219581.97395748168
2091,212009.10268187494
2092,207876.85545821776
2093,202715.06243558484
2094,198287.73054371367
2095,201156.94418881618
2096,432160.7485611291
2097,403397.7710900499
2098,379927.49843882635
2099,364605.37743438093
2100,353791.5142888451
2101,345489.9030099078
2102,340240.2403295685
2103,333407.90925427474
2104,340236.4169659251
2105,286759.15559408534
2106,287834.59275194054
2107,297303.880234133
2108,299975.5652662096
2109,298858.8192477744
2110,296725.2114305962
2111,297899.66910939355
2112,123961.02003136184
2113,110891.32990759492
2114,94615.80627230444
2115,91288.30115148277
2116,88957.67558844568
2117,86571.1120835201
2118,86896.82572813064
2119,86763.10737465785
2120,257699.83604790596
2121,272631.23257693497
2122,302369.6068207409
2123,339150.46165249107
2124,360914.0599628197
2125,369389.1573571743
2126,371646.26191372896
2127,372030.08881075046
2128,432224.7421548765
2129,457962.9524674574
2130,467973.1404848048
2131,461012.6815783079
2132,457874.6495479569
2133,452153.4669296648
2134,451009.16048241867
2135,445736.206353686
2136,119047.45683867802
2137,198286.52389498544
2138,221477.69992738124
2139,212811.51053919122
2140,206781.5959009047
2141,204376.50025409396
2142,205716.99424301978
2143,208359.21947754128
2144,150582.0347513042
2145,184837.9751676393
2146,196584.4948567228
2147,192745.7367351298
2148,189925.35599099688
2149,187310.6996946337
2150,185006.3276638354
2151,184871.9545927776
2152,284107.0374300235
2153,283202.8227628473
2154,299638.9275538625
2155,308299.64429782995
2156,314040.04856075573
2157,320454.6396266006
2158,322298.89555031486
2159,322050.16842026025
2160,522501.8602140066
2161,378772.36773593584
2162,312274.12401070935
2163,331842.81376680895
2164,357554.31511363306
2165,370511.33831028873
2166,372174.32698255073
2167,376090.71416828275
2168,111290.65861667856
2169,117360.94426776795
2170,132235.21252988005
2171,139416.05004196637
2172,139815.7975950392
2173,135323.7471962501
2174,131484.30266300906
2175,131276.47174319476
2176,88918.20778436656
2177,125636.25586275032
2178,139004.23761365027
2179,130554.47613296
2180,120353.96800657621
2181,109337.23350186384
2182,104062.75755905674
2183,103025.16956426934
2184,165687.87052203895
2185,241130.46406532967
2186,269992.0968400569
2187,271158.8205562168
2188,267742.23593383114
2189,264018.2319787014
2190,263116.80047444464
2191,261373.8329683402
2192,276137.2071007185
2193,283396.93401018914
2194,288775.6485954017
2195,275116.05352369504
2196,265201.01329704263
2197,259005.80915961048
2198,258097.4576554787
2199,254310.9319510853
2200,555726.310206498
2201,596053.6334024494
2202,567211.4504041094
2203,533090.9069954985
2204,508483.3969526538
2205,489512.53032879124
2206,477636.88972256414
2207,471330.6477809136
2208,355430.6510082973
2209,280692.6353641082
2210,276347.90606064536
2211,284986.29188895575
2212,301187.3899916957
2213,317463.8074354994
2214,328586.35217867955
2215,333695.724801513
2216,493022.974203203
2217,504431.43018630636
2218,526784.034496997
2219,540095.6858331766
2220,545717.6304662777
2221,552797.4030105924
2222,561143.6015764724
2223,559945.121309082
2224,203803.86521389586
2225,213095.2913527484
2226,229380.2027866003
2227,238523.84425904346
2228,247222.5319282835
2229,254205.85105150423
2230,262442.5982942113
2231,266468.7791063528
2232,370328.24438012467
2233,281740.8528021444
2234,253319.6026898042
2235,266459.3989529288
2236,274853.45264969836
2237,285606.46324394195
2238,293143.5420517571
2239,291153.17013584974
2240,497623.0585040132
2241,432480.24417164654
2242,399483.51054007286
2243,394365.200445976
2244,395400.9205024075
2245,395710.20432991465
2246,395858.0731639195
2247,403652.8682977986
2248,174267.5077835471
2249,193933.49910841082
2250,207392.64969619593
2251,207078.04745985067
2252,209138.35586149475
2253,215421.3090556864
2254,217792.83879639977
2255,220883.33683551592
2256,110600.3661754134
2257,148296.87909774433
2258,169072.75127586292
2259,165604.29160066944
2260,162379.5799511795
2261,162344.9961921861
2262,164279.18186944773
2263,164955.05339682588
2264,111935.03878533826
2265,142377.02246650954
2266,157671.5352080504
2267,152310.6954327096
2268,148300.0459154543
2269,146173.60373255267
2270,145025.2169895238
2271,141179.7668902654
2272,137000.09286168558
2273,105073.9041118105
2274,93024.78016429854
2275,102588.53354321385
2276,106519.9292482076
2277,104839.51850448523
2278,105059.76105302566
2279,109755.88491637356
2280,384162.3483275683
2281,362329.60175446956
2282,353835.5403570935
2283,357407.74666003627
2284,354717.2092906935
2285,348909.51212865295
2286,340503.15874457394
2287,330337.0599511344
2288,272822.4691121786
2289,309775.5311269915
2290,332399.0341599948
2291,326378.2493492569
2292,314498.58520220075
2293,301530.5853331352
2294,293357.0028124869
2295,284330.613197364
2296,259314.29050803688
2297,190894.69182800496
2298,141768.74176191725
2299,137370.6501763034
2300,140965.44549276264
2301,146564.07188768676
2302,153217.24503637434
2303,159984.76374056557
2304,112281.91911467307
2305,135918.65134188993
2306,148323.88170477335
2307,147068.64864057943
2308,147313.0261271004
2309,147179.97456838674
2310,146209.1768905141
2311,146141.23307233636
2312,208651.5755561802
2313,176853.47137117694
2314,138245.88303743795
2315,126374.14159181542
2316,119198.36572800504
2317,113165.12443339589
2318,111572.40553130672
2319,114944.50872236257
2320,136866.09644693224
2321,180615.08325534247
2322,186516.21737396368
2323,173519.42425757047
2324,163251.75110301748
2325,155859.38509824767
2326,150985.73770480615
2327,147343.62962201642
2328,104536.66897928534
2329,128907.69092756676
2330,125418.64260938257
2331,116073.70324205136
2332,109538.01027648093
2333,105754.58284298552
2334,104214.54792723115
2335,101609.58866568742
2336,383022.1518627
2337,428191.54578849813
2338,425534.7306710473
2339,406265.2218962568
2340,389549.47334834986
2341,375549.39611916995
2342,367812.0483832262
2343,364073.98892588937
2344,129983.26696473549
2345,127515.01464763907
2346,118783.5469165667
2347,114019.78400831835
2348,110910.53247979854
2349,108318.59073075355
2350,105383.52328291122
2351,105834.46999935686
2352,190499.98501225028
2353,154041.84040668322
2354,132173.50466118436
2355,124892.63612650894
2356,123630.58987499349
2357,125475.94057392154
2358,126899.07944667654
2359,126771.28114862772
2360,438238.0581600623
2361,396516.0840013081
2362,383073.9525206195
2363,393629.2312148816
2364,400688.4360355453
2365,401567.16522475
2366,396034.2493098646
2367,386243.4535803475
2368,242816.70920156193
2369,272168.24943255197
2370,255945.91726219657
2371,238077.10045450903
2372,231965.88744785154
2373,232855.24913811777
2374,235107.11695069217
2375,230965.23233130656
2376,568679.6770284318
2377,517403.5000262477
2378,481267.9022473158
2379,469649.29413237947
2380,470294.0938475162
2381,473671.95717226446
2382,475978.8775587206
2383,477882.57169135014
2384,193980.002525101
2385,277176.1155544882
2386,292964.63346532267
2387,270340.046041897
2388,254458.0599935826
2389,241988.18251311473
2390,232087.80918654712
2391,226791.31454550635
2392,516088.0713905461
2393,447774.11770094314
2394,395763.12258470524
2395,380725.3281651854
2396,375155.5305127716
2397,370454.2851929464
2398,372050.51416623086
2399,371243.03792432655
2400,465366.7566272727
2401,424405.8228646619
2402,424786.91767480003
2403,434549.6047597996
2404,435300.05806517985
2405,430253.2910345369
2406,423436.7654033155
2407,416469.56815879146
2408,282182.2700100088
2409,185796.8169835321
2410,129614.08491934152
2411,140342.60902120676
2412,154644.20501301103
2413,163261.6562868724
2414,166949.3220336869
2415,173496.3932626788
2416,275376.8610786106
2417,342497.2246381901
2418,344131.6227987271
2419,323479.2395274074
2420,310635.27411200723
2421,306488.0980516174
2422,299134.8176710362
2423,293486.26839679724
2424,119700.89426777718
2425,148007.7654143981
2426,146337.49402273103
2427,137472.77111268233
2428,134284.0875573894
2429,132230.74945811072
2430,129713.23337159934
2431,125596.76347803496
2432,381275.768749724
2433,406524.3369211667
2434,413232.3598934072
2435,408221.0289953709
2436,405007.49918007525
2437,397824.3873822477
2438,388151.9777553727
2439,384657.99125638814
2440,503785.6015320727
2441,536897.2353967492
2442,536076.6364452564
2443,528306.9872375438
2444,520936.1306611791
2445,509603.62089825055
2446,494531.782535251
2447,487738.8948404219
2448,518086.88412367424
2449,404658.65632780566
2450,372452.3516965679
2451,376961.4630166254
2452,372599.4034673952
2453,370987.8584308255
2454,363941.89126730064
2455,363613.7711026483
2456,378260.9366112123
2457,286818.13316297845
2458,251138.16870272227
2459,248635.7522183765
2460,248629.81052010867
2461,248716.9713363249
2462,246343.2498490934
2463,245238.50766841866
2464,304198.00544062816
2465,320831.8186512983
2466,313856.50137616665
2467,311324.1319599716
2468,313070.8270197972
2469,313892.6410473748
2470,313057.35077688546
2471,311522.8476906999
2472,389815.80776967347
2473,405149.25102304254
2474,386714.1405742371
2475,350902.51344252646
2476,332754.28355312714
2477,326149.9633961239
2478,324389.9979463051
2479,328262.56412465376
2480,472922.2555155864
2481,460665.2680302337
2482,430326.60572297574
2483,415696.6008088896
2484,411361.8259320017
2485,407285.4064248113
2486,398973.71233254235
2487,392486.34362009563
2488,350814.336838151
2489,421105.7603974351
2490,427237.3759059988
2491,409307.0097845022
2492,388812.15119195177
2493,371624.9029146797
2494,363137.2441058486
2495,352994.5244685359
2496,248402.92278781784
2497,239606.67566860528
2498,235707.56870268454
2499,228656.80380872975
2500,226902.93886983176
2501,231235.51407772407
2502,235583.97855067145
2503,235382.77206452744
2504,237208.43379559854
2505,290932.2730308492
2506,302578.0132721934
2507,291636.8584394308
2508,283405.63512918603
2509,275134.01472058235
2510,269398.7545091589
2511,264815.2197008773
2512,270637.04713723634
2513,323080.4706740731
2514,344008.01359038206
2515,334501.5823282319
2516,327135.2971353452
2517,320989.8440603741
2518,316349.72588980594
2519,314528.1741230552
2520,359163.8002489726
2521,286690.03348465974
2522,238305.24108436998
2523,239580.39560608316
2524,242111.79228118295
2525,242116.46105977637
2526,242322.17085969937
2527,243481.78585742123
2528,295753.37835516257
2529,256055.18841950572
2530,264590.48892029485
2531,277939.3647336088
2532,286304.66285406327
2533,292243.6169356755
2534,293230.1833220507
2535,293582.5799531387
2536,183046.445751942
2537,244432.19050492317
2538,262022.11116936596
2539,251065.57166483864
2540,246094.1979409866
2541,243059.21087695338
2542,241762.16038808372
2543,239333.68766828266
2544,389866.9838613757
2545,362999.75970656873
2546,343428.6238245908
2547,342428.97906312987
2548,336527.08176932833
2549,328875.41198801657
2550,322170.8264716729
2551,314600.67975934193
2552,184956.61263974285
2553,253922.35591695487
2554,266477.78482752846
2555,249410.23564842873
2556,236031.36488967488
2557,227445.2934697485
2558,225076.15638167842
2559,221110.75297075228
2560,392098.45591814624
2561,449330.77546198136
2562,465266.08763538406
2563,443638.1105722172
2564,428677.9795541054
2565,421625.7104655928
2566,417512.1306108327
2567,411778.5176344503
2568,187590.12812088177
2569,202362.21598890948
2570,204189.64166462637
2571,203509.39998579104
2572,203317.60356380677
2573,205917.69787343475
2574,203923.82488403813
2575,197612.49572141666
2576,96467.30550428387
2577,172583.88498969315
2578,192375.6193759134
2579,185775.28574530085
2580,181208.7777550377
2581,175459.33856952054
2582,169060.7446477917
2583,160352.0171094247
2584,264023.9970886595
2585,254846.9611730554
2586,250953.24232344786
2587,240227.68164254102
2588,238702.30799612816
2589,241719.83158902253
2590,242674.19438871264
2591,242438.10722146003
2592,156770.63260955512
2593,174734.66530125152
2594,162423.99759840046
2595,149926.34351231187
2596,144278.68098731147
2597,142074.89627944105
2598,139933.35802569464
2599,141023.37305475894
2600,410018.2441281226
2601,417086.1931878283
2602,371948.0194953701
2603,333907.65784049826
2604,317275.50121554174
2605,310413.45864118275
2606,304818.85417123494
2607,304005.6030290922
2608,373138.044072584
2609,323795.5831976416
2610,278695.38028686657
2611,269192.4358680836
2612,261410.19804870745
2613,255301.74247900335
2614,249545.98085323564
2615,244692.17332919373
2616,148850.23357184348
2617,197380.16116137296
2618,202147.02035778153
2619,186028.2862468373
2620,175996.96468063866
2621,170644.2055806126
2622,166982.57078811422
2623,165710.62571290566
2624,72623.08758147468
2625,100214.84053062319
2626,110223.200528007
2627,108113.60338491196
2628,106525.1781510624
2629,104392.64155654164
2630,101290.51116319111
2631,99544.0940143026
2632,122401.36941636677
2633,133455.05588752386
2634,145748.3744426981
2635,150478.67596205408
2636,146153.0329409607
2637,140257.81076964844
2638,137903.40916214106
2639,136536.41156576524
2640,197475.85330365898
2641,169955.08944542398
2642,169883.2399746509
2643,173824.92076087027
2644,177769.58132511025
2645,183611.0902967357
2646,189871.5063431038
2647,192934.27124649985
2648,215380.3759926389
2649,193656.72399008993
2650,204131.7049355699
2651,217263.95770866034
2652,229537.88494529427
2653,238380.2587210504
2654,242024.19278100072
2655,250551.10208116594
2656,113979.26551004034
2657,103449.02237588182
2658,99572.6871214752
2659,104887.49566773043
2660,107565.30924374549
2661,104502.51432312652
2662,99496.06378651131
2663,93333.13000500319
2664,262441.2885001387
2665,258376.7501147775
2666,259069.28703466654
2667,253680.27957289305
2668,246276.02669579856
2669,239636.9905608533
2670,236451.34832881406
2671,232173.7690051165
2672,233234.89521796256
2673,235951.13318385227
2674,239136.36839588196
2675,236465.6833522169
2676,234694.62284963165
2677,233601.24741737754
2678,230184.57315710225
2679,230794.14900140194
2680,238812.8918654663
2681,237318.53434424306
2682,225870.37014891836
2683,215152.5158904125
2684,207357.56423117267
2685,203510.34004877374
2686,199329.22495022425
2687,198126.1323387185
2688,397459.9450847718
2689,388334.14692596096
2690,372540.1668865646
2691,382395.42214605556
2692,386929.3723076387
2693,389656.1523274996
2694,392282.08560408634
2695,390168.49846154486
2696,62947.94591444003
2697,108823.99680303433
2698,124312.09510812079
2699,119369.49689441558
2700,113578.81765700021
2701,108676.35215624952
2702,103601.5365540336
2703,101643.91338660114
2704,285229.3431640079
2705,272156.8395734163
2706,263990.863092297
2707,253054.6092621294
2708,247681.65812484198
2709,247189.30328400497
2710,249885.98844976092
2711,250328.10045607667
2712,435338.7208242733
2713,404816.2676482098
2714,395899.51259021624
2715,382508.5451938921
2716,383858.7581463077
2717,383122.9262583064
2718,381458.04416395095
2719,383257.9851131574
2720,576655.3305757432
2721,537258.6877559912
2722,535070.997425012
2723,539421.269602834
2724,538018.5302137418
2725,527631.7777776317
2726,519344.05693578225
2727,515170.2577018107
2728,88060.00054240722
2729,92853.98030980653
2730,102252.10925607348
2731,105347.54908067151
2732,104252.76472439145
2733,101731.48046776353
2734,102887.66214234359
2735,102125.69881373836
2736,187958.2005429214
2737,145532.63855800626
2738,113266.64374009465
2739,112224.64650239551
2740,115245.8338527261
2741,117949.86738427746
2742,117179.54039556807
2743,116568.95352563448
2744,282616.1137138739
2745,316944.76422402536
2746,326387.90613252984
2747,309483.5769336159
2748,297031.779508827
2749,291226.31334356236
2750,287160.73294853827
2751,283955.8673739013
2752,554514.7842383352
2753,500763.4708185821
2754,460350.88895597553
2755,443972.7024492852
2756,435695.3427592591
2757,431029.32252386655
2758,432816.6396606168
2759,439124.8651881842
2760,177120.95219598763
2761,173625.0358031339
2762,164804.13236502465
2763,163108.06136106854
2764,161071.48067697143
2765,159330.56562594097
2766,158397.46946265482
2767,159699.62695301467
2768,402615.5914855501
2769,393724.49186012184
2770,396899.67910207453
2771,395950.32081138156
2772,391582.2277545236
2773,386311.278887399
2774,383393.5723513509
2775,383664.5202616681
2776,414778.3723732548
2777,407067.1823353175
2778,393541.54863925336
2779,394422.33526379237
2780,387942.8873969252
2781,380971.3442735323
2782,376033.1768192889
2783,367676.88702518895
2784,327519.64276451746
2785,369249.0872814728
2786,396063.19555927534
2787,378077.6189298922
2788,364196.04064539145
2789,353178.62368387287
2790,351446.39235484647
2791,349029.6033116294
2792,369642.428196945
2793,409427.57424467686
2794,423269.5357329879
2795,409296.86840357876
2796,392661.9717520117
2797,382542.47641921125
2798,375220.4847211921
2799,373891.6470696354
2800,234287.4911458324
2801,207737.1870835927
2802,193317.20424229058
2803,202773.24365108795
2804,211287.48021223448
2805,212533.84738127684
2806,209766.52219867587
2807,206868.6495152014
2808,140025.74805609256
2809,137031.8893516853
2810,148153.2840796361
2811,143682.89196136504
2812,138724.01503949033
2813,137521.10169894283
2814,137929.43141515375
2815,137592.10410054878
2816,126400.6795511248
2817,138320.25487856127
2818,147106.47734765883
2819,145417.35989246395
2820,142675.91284043164
2821,145193.98656121435
2822,151381.5537190435
2823,148141.0101698063
2824,78979.93765810176
2825,103413.34373590056
2826,108137.27468034081
2827,100520.50185800163
2828,94779.64472047181
2829,90788.53360302298
2830,87428.54178785783
2831,84950.53676091722
2832,193795.6591753998
2833,193728.50860011918
2834,190261.63064683822
2835,194364.86182208481
2836,200892.7511267098
2837,206186.30042091734
2838,205718.57011635424
2839,207122.1884647534
2840,114703.44807026826
2841,106895.77285506114
2842,102640.57742529764
2843,102472.69912316595
2844,101040.17834338252
2845,99466.7356279224
2846,101895.57009815634
2847,104253.20668326982
2848,386283.6710811602
2849,388829.8989500635
2850,370342.09062703594
2851,352544.2396810921
2852,346575.46635408216
2853,342741.68651971314
2854,332397.1455881853
2855,327884.51162602013
2856,514279.52670668054
2857,527846.6232045996
2858,507615.3321908064
2859,496892.16854146984
2860,493194.39902822877
2861,494942.9983146386
2862,493493.8689625723
2863,484502.9654051373
2864,506469.54306246043
2865,531258.7929397858
2866,500248.18073473586
2867,481181.40283289505
2868,472993.3671375087
2869,465544.0413453265
2870,461661.04876349017
2871,461729.3148561932
2872,79933.16890199864
2873,79427.58047848847
2874,86330.96898715512
2875,85722.69452751792
2876,87373.11979879614
2877,91620.59472671329
2878,95405.26498210887
2879,96757.98209283117
2880,435374.683667735
2881,466190.40896961925
2882,443235.67514450895
2883,428706.3087546507
2884,420634.2627122442
2885,411446.99508322624
2886,404496.9938686573
2887,397435.33647941804
2888,204303.60710183615
2889,310406.2524493015
2890,360680.0001850859
2891,364091.2677554913
2892,360045.36894088297
2893,355142.46361909923
2894,354068.21703060414
2895,349940.5473519714
2896,248118.56837957853
2897,289716.48210085667
2898,291290.07672689814
2899,288262.4082021776
2900,289359.05852768366
2901,295089.0397404658
2902,297966.9403850306
2903,298698.45596853097
2904,277373.91171939747
2905,250393.8451121171
2906,225377.76705452756
2907,220677.37417490102
2908,225048.11749799852
2909,230597.15946253756
2910,233161.7018919373
2911,233711.7704690564
2912,353534.4075591163
2913,389624.52276774903
2914,395005.291951321
2915,381911.86447735486
2916,365334.14095509285
2917,355230.86074792955
2918,352135.99738284055
2919,344263.66403012787
2920,418084.0221636808
2921,465391.65335795074
2922,458803.0712603371
2923,435058.96592001716
2924,420550.7531220451
2925,411560.62347727834
2926,402958.18452237867
2927,396211.59234006435
2928,98294.18353224715
2929,133396.72082580114
2930,144688.51781612253
2931,141993.0953668814
2932,135522.60580792814
2933,130022.17249175342
2934,127810.05070065524
2935,125587.82977530552
2936,54603.8776013992
2937,67632.92355522423
2938,78765.61209586458
2939,80927.50828200803
2940,81979.01917982791
2941,81851.55393574684
2942,75318.7220744089
2943,73834.05351009924
2944,506314.1771908286
2945,596115.8361763384
2946,579383.9856880762
2947,531003.0864086398
2948,498723.59565499716
2949,479552.7445575615
2950,465525.5174291247
2951,452400.01141510875
2952,312662.9263564957
2953,386507.8328012981
2954,414273.7715964295
2955,407177.3109234484
2956,396021.6470021958
2957,382664.1166074002
2958,366117.96939030197
2959,357482.81519503496
2960,267188.26455953973
2961,261206.47301716192
2962,265382.53133542003
2963,266929.8965417415
2964,273083.5039145942
2965,281848.3184882849
2966,283740.55162759905
2967,283218.5050802143
2968,350178.0744011878
2969,271396.36724484386
2970,214735.63168058856
2971,208480.92139009357
2972,208347.67782000452
2973,209081.75809301372
2974,208399.52747896308
2975,207808.19634653855
2976,442000.8268983985
2977,510998.9041498463
2978,479600.0255763711
2979,452109.63050685974
2980,449077.7958725125
2981,456331.34704577085
2982,455481.5060345111
2983,451644.6055892011
2984,80387.46418009297
2985,59122.387660460896
2986,48711.29457138441
2987,54692.93594993098
2988,56889.30340367649
2989,57014.76701443695
2990,57478.66575093652
2991,61331.21300032333
2992,376518.062608137
2993,410071.0770192144
2994,417397.8944038305
2995,409412.4136575938
2996,404423.7449812646
2997,396926.91333133716
2998,393391.81656973425
2999,392028.5298920958
3000,247077.4202110403
3001,212688.693348476
3002,229410.0687427986
3003,239390.44469245776
3004,242568.49332123983
3005,244385.34200235194
3006,241557.02398478065
3007,237424.34924651295
3008,52284.34947839545
3009,93777.08276874328
3010,114649.85108666756
3011,115053.99606971187
3012,112430.97519917088
3013,111710.19446135545
3014,112293.6623272376
3015,111247.79485804646
3016,395654.8971874995
3017,321897.75905033096
3018,270072.36058393924
3019,259555.04220269943
3020,260121.68414919675
3021,262554.8297155125
3022,261932.2055106291
3023,266086.41771612543
3024,154288.76559720738
3025,227614.06944684178
3026,264353.20595767745
3027,269788.5163275458
3028,272603.1934806272
3029,273175.0710774659
3030,273888.9030103437
3031,270314.6305297047
3032,329233.8667996565
3033,411255.7109979241
3034,446872.61663416855
3035,444984.5458160137
3036,444946.22562061355
3037,449120.04251966934
3038,455920.5543714055
3039,454723.615772141
3040,472029.32408799196
3041,434774.35947857064
3042,417180.86837478366
3043,407178.74461538374
3044,404711.3367633423
3045,400011.3450561692
3046,396616.4385747185
3047,397373.52327567653
3048,212201.1671150675
3049,172237.5676750995
3050,171486.64980475308
3051,182210.12253661704
3052,191441.09684343246
3053,197811.15901244065
3054,202534.26405741306
3055,202809.16196332188
3056,247169.8104118981
3057,224297.65648377393
3058,199018.83051208695
3059,191338.18986752763
3060,180348.67464878038
3061,170145.63423938624
3062,163660.61046297898
3063,159541.37070174512
3064,446182.65503506147
3065,415116.1499043005
3066,391817.28983963985
3067,377939.76378367003
3068,374904.0763848034
3069,374991.0899009103
3070,372490.44466015516
3071,364949.7186854055
3072,322413.54609327274
3073,336375.1199362312
3074,315889.74271014764
3075,298754.22366378625
3076,289609.0321758832
3077,284367.6260732652
3078,283387.0033046559
3079,285565.0478704543
3080,132240.98376688844
3081,96101.64513954689
3082,84522.17930470317
3083,90561.37662117189
3084,100759.5140486733
3085,108233.64689538558
3086,107459.5286836843
3087,108113.39640332304
3088,541933.46754213
3089,362176.44218212785
3090,309369.05992245994
3091,327209.76066678175
3092,346449.31510124286
3093,352774.538093387
3094,353972.22517043864
3095,354199.9191054869
3096,209698.02544716556
3097,166825.850653257
3098,148813.81139591668
3099,155592.82749966538
3100,167723.52062651495
3101,177931.9377423738
3102,183886.80699011602
3103,189166.52651016408
3104,72754.7768327301
3105,103682.13418406117
3106,105889.25028800147
3107,95627.2285795504
3108,88735.69500476477
3109,85630.87787291128
3110,86136.1188839036
3111,87115.04528451443
3112,368873.95582716266
3113,321640.255547447
3114,275453.2063578205
3115,258829.5670058883
3116,251041.2717908552
3117,244224.99411803935
3118,237779.72881684185
3119,237598.8775710034
3120,289847.8648205346
3121,253866.58311489294
3122,232983.78297555278
3123,232422.64581982585
3124,228190.4541181461
3125,224033.95309640252
3126,222922.20794823932
3127,223763.3448395329
3128,291734.1594477545
3129,299241.1224033751
3130,291504.1557083789
3131,278896.8419540486
3132,277961.1184491353
3133,281257.5529904182
3134,282551.001265469
3135,273427.23216675594
3136,311392.9068620661
3137,328086.6850819022
3138,346093.3338151383
3139,343445.1312738337
3140,340208.9140763098
3141,341077.3492295048
3142,346607.359771266
3143,344705.9899826793
3144,453795.35958199506
3145,403738.8723865249
3146,416631.30495012226
3147,427135.2062428001
3148,428535.86684874876
3149,425620.64802238136
3150,427576.3313276434
3151,430422.28003137535
3152,177246.27085758917
3153,227162.08417023026
3154,259893.63913349743
3155,260191.59459907777
3156,254297.5707450662
3157,251462.96426537435
3158,255405.68448834357
3159,259131.78438581972
3160,159719.1286676808
3161,197588.7474482042
3162,210927.11185235548
3163,207958.02288336348
3164,202189.62210316476
3165,200119.0019504032
3166,201929.68584122724
3167,197095.6724290955
3168,197987.03923250997
3169,258882.23974074452
3170,298184.728153741
3171,316762.8070254915
3172,319410.32726194663
3173,318049.51954610134
3174,321361.95070820424
3175,309929.9844131251
3176,410538.86496228346
3177,376599.412265643
3178,335129.6680547268
3179,308321.70402179053
3180,291606.6696286013
3181,281863.02250955574
3182,272710.54128616594
3183,268521.08467825566
3184,369094.02425529464
3185,302839.3569633818
3186,240174.1195389433
3187,221907.93721554836
3188,215545.37255282735
3189,216450.89654869383
3190,220315.56007096817
3191,221792.51869387372
3192,397612.0362071193
3193,436763.0071061419
3194,477380.19695009186
3195,487516.58085555513
3196,488849.3084992223
3197,489423.5145142267
3198,494655.82650768175
3199,499317.87793006486
3200,131256.03796601138
3201,129357.95387378213
3202,136098.3501422132
3203,142111.35845704653
3204,146430.54089623332
3205,145968.1004692254
3206,145025.69618332005
3207,147085.67846138368
3208,368097.2628579411
3209,420697.6281282482
3210,437760.2607227266
3211,434570.0371765343
3212,423009.6371768024
3213,412500.1041158684
3214,407214.94747375674
3215,399241.2736674127
3216,242833.02797669865
3217,252235.97035391463
3218,262950.8479355752
3219,271041.7425450665
3220,272787.5389951938
3221,272493.56237916596
3222,274255.20468660793
3223,269749.2333420362
3224,204841.61184890306
3225,249944.3923743661
3226,265817.70388106717
3227,272388.1313202591
3228,272696.88691618614
3229,274056.09414014965
3230,274156.4696395521
3231,268040.16721538006
3232,311002.38654075767
3233,346972.752741187
3234,350691.61819330126
3235,342689.38343446475
3236,328453.94355664466
3237,315880.26911790035
3238,309095.17544058873
3239,305589.376633108
3240,114953.75786836288
3241,137794.8420311719
3242,131609.3253875148
3243,123797.41068081214
3244,122668.17130344588
3245,126609.02249235642
3246,128053.62667778524
3247,128136.58444437664
3248,517399.2673418581
3249,386465.6169537989
3250,357999.2205464408
3251,363593.07101334387
3252,370070.64927531924
3253,375918.9243317815
3254,375845.01731399033
3255,379829.984000384
3256,374001.91849168297
3257,380729.2281265978
3258,386312.76001395046
3259,377643.5409295243
3260,377503.39656203956
3261,381278.4265617946
3262,390521.3318605709
3263,396016.9929072841
3264,321390.42006366514
3265,422761.7641274404
3266,461281.8658956122
3267,448736.1207041115
3268,434040.49107177474
3269,420942.4745237422
3270,411520.927655982
3271,403972.4843513478
3272,151604.43966362486
3273,154772.73357743945
3274,166556.03570412257
3275,177318.30638036292
3276,177698.6001301228
3277,172661.30729789188
3278,171521.6235452004
3279,171909.0630452886
3280,320587.30744407396
3281,300951.0930137149
3282,297672.0099547151
3283,294977.4012284287
3284,288910.385310609
3285,284443.5188393426
3286,286668.8895405112
3287,288288.6362011483
3288,271959.53132540383
3289,265139.3261852946
3290,245722.55404310505
3291,239318.99661978096
3292,228694.36197898255
3293,220983.85947186736
3294,215580.7591394139
3295,204325.06437935692
3296,94109.46117512567
3297,93589.25710607987
3298,80065.18840217096
3299,73782.78779976582
3300,70187.36561921163
3301,66453.59068306768
3302,62983.81305523531
3303,62199.71044280671
3304,320342.96059191006
3305,282785.3911187347
3306,256411.01807941913
3307,257937.92018700673
3308,256298.99876092613
3309,253355.30820455926
3310,247984.42221059752
3311,242427.3271397105
3312,279582.4787571085
3313,309806.13009525463
3314,333298.5787636839
3315,324673.1883919054
3316,320617.68418954953
3317,313534.22358439263
3318,306273.3665834837
3319,302764.53455816826
3320,175893.45573679247
3321,117429.44705841297
3322,94500.56170992317
3323,95352.38654511812
3324,94308.62368692484
3325,96050.0729090964
3326,97892.04747657763
3327,97785.6722400675
3328,417337.04871728504
3329,408792.99450531846
3330,413123.9286973643
3331,406574.90053025354
3332,399654.8836619692
3333,393428.57491835253
3334,389335.92837541754
3335,385581.96769302466
3336,277321.156590491
3337,242366.83718334255
3338,214078.08111144748
3339,208064.04532522243
3340,205014.06843599118
3341,204665.4032475709
3342,207104.88538446688
3343,208109.331418624
3344,276455.8394776935
3345,195682.95609778044
3346,178213.35893705057
3347,199217.1498394246
3348,217889.50089829706
3349,230414.67406041402
3350,238593.18729398053
3351,240505.93629079737
3352,368381.62065144075
3353,366907.0030916989
3354,360724.48229461774
3355,364148.2079648452
3356,369199.57646118454
3357,384021.6755886407
3358,388669.3217092761
3359,380113.5076989804
3360,214798.1920399453
3361,275011.23406386573
3362,299136.36990416783
3363,294445.3421037361
3364,291542.9106890145
3365,292123.57493831986
3366,293514.85273473157
3367,295531.7364744508
3368,215479.27058780455
3369,283974.479214259
3370,292688.95189317886
3371,275419.60184135416
3372,266003.0915505078
3373,261183.15242558415
3374,259823.33700131666
3375,254643.5313911539
3376,184611.9702877515
3377,215565.883866434
3378,236564.47446440454
3379,243686.70424082762
3380,243341.27113012175
3381,243004.66066794965
3382,243880.48806962505
3383,238705.11399989334
3384,445815.3186642939
3385,489416.5617892102
3386,487001.40475800075
3387,464358.9074732491
3388,450870.2451542879
3389,448792.3214680944
3390,446984.79378122446
3391,445269.42841631453
3392,124276.61003612593
3393,107492.9494758847
3394,111801.94440992427
3395,124559.13110422253
3396,134399.30613077883
3397,139997.26956879432
3398,144253.06878637508
3399,148484.91852346843
3400,304214.7080178164
3401,361878.81066917727
3402,381171.96266325965
3403,362772.20186591474
3404,348934.29913065245
3405,341404.92743752914
3406,335322.34367474436
3407,329049.4579511747
3408,338937.5010664628
3409,231275.36557943095
3410,161460.35694188965
3411,155038.93353011226
3412,149958.0906707998
3413,147226.6434775143
3414,141904.85988854835
3415,136717.048842324
3416,395765.5081404513
3417,472906.43763764924
3418,490827.8308225045
3419,478672.70166542905
3420,453992.02534686326
3421,425526.065250778
3422,410132.00184043136
3423,404634.57384606317
3424,359208.89503569604
3425,348781.517027474
3426,348179.91158631817
3427,348353.387177708
3428,344901.0563881066
3429,343110.973827365
3430,344419.76985113707
3431,345348.0825196872
3432,118083.72346816768
3433,191337.51608939498
3434,227997.24923861356
3435,234786.4473739601
3436,236842.6138970498
3437,237709.9582807477
3438,237640.0652402587
3439,234209.07674765607
3440,360244.83282012993
3441,336755.75223190646
3442,337226.883949739
3443,335750.57660427527
3444,335323.78049957345
3445,335136.28171466826
3446,337272.9543711578
3447,335477.1729699209
3448,254674.68983950376
3449,249783.6705774519
3450,235069.40035151585
3451,222325.74332201126
3452,216635.15191911257
3453,213743.39510248514
3454,207462.38344380955
3455,206104.81618479523
3456,154419.17687373536
3457,153172.25324025366
3458,139488.52356738952
3459,136358.0814742381
3460,137318.43274247108
3461,138901.7033777077
3462,139906.196698019
3463,140133.89118053642
3464,66353.16051363645
3465,119208.41987428779
3466,143700.86549241113
3467,144809.65369000193
3468,147332.73399669456
3469,153126.14115078974
3470,157120.81025518675
3471,157875.39279344733
3472,340213.716445518
3473,374527.73113203555
3474,370898.6918903885
3475,351401.9694266935
3476,339941.09561537876
3477,335503.54686884745
3478,333703.43669873255
3479,329306.51751780545
3480,83996.39203923332
3481,98027.34313684044
3482,84701.42784386058
3483,65762.98923798144
3484,57526.90102694716
3485,55934.9739152136
3486,55010.404250233376
3487,53517.08309613593
3488,541510.7370059064
3489,380080.4526296796
3490,310378.741842985
3491,317830.2349282431
3492,336880.2373510167
3493,351979.5986409761
3494,355674.7465619504
3495,358755.7952831023
3496,300526.94025488576
3497,262453.1024214226
3498,244937.20346102392
3499,241044.88138139455
3500,240568.53913761076
3501,238179.70603253122
3502,236611.70794309402
3503,236601.27895838796
3504,538557.2168839755
3505,439666.14081095334
3506,430462.619473312
3507,446153.5589082211
3508,452153.3864734343
3509,458230.1232773208
3510,461839.2487026112
3511,457092.3752399641
3512,395204.48944221134
3513,382015.6490340797
3514,385996.24322263285
3515,379797.0160510456
3516,372105.86801463214
3517,362369.9513660375
3518,356888.8877017204
3519,353264.6145280714
3520,165853.04593235406
3521,163630.6881104377
3522,177369.78001720097
3523,173322.9275011772
3524,168009.97824356877
3525,165219.64364320697
3526,164901.467464377
3527,167559.85610558823
3528,269732.33180275804
3529,265465.30760731886
3530,254643.12294188832
3531,248093.7318960981
3532,246838.71939820578
3533,243260.07862421634
3534,238663.72924623443
3535,236748.0547950454
3536,455107.42917970347
3537,535482.7328006523
3538,555255.2489523315
3539,531981.575869838
3540,512582.0360056079
3541,496280.4521207265
3542,489831.68145523476
3543,481221.84173153143
3544,272240.24488027976
3545,326126.7785179851
3546,345694.3252411621
3547,345644.0130584557
3548,334059.7191511658
3549,319326.29565659375
3550,309184.07173916645
3551,302658.67805861734
3552,422478.92677780084
3553,492097.7667721784
3554,501043.6587023371
3555,506434.3896954544
3556,515855.5071802511
3557,519851.75700691936
3558,519207.97880110133
3559,519024.3672205102
3560,175956.42927657347
3561,199767.643085597
3562,229627.38950733878
3563,245388.02849346772
3564,251947.79253804067
3565,253592.68137382664
3566,256692.2785697548
3567,257890.11855944578
3568,112006.63998892275
3569,179731.0187259579
3570,186319.75721722195
3571,169483.0092157647
3572,160372.04883024434
3573,158012.60535549425
3574,153726.19514050125
3575,144426.33134627028
3576,117611.53184104271
3577,217308.14802401088
3578,256739.2408752088
3579,251040.31634044103
3580,236128.95995906118
3581,223250.9534523345
3582,213249.5848532106
3583,199063.44560249842
3584,274557.0219082603
3585,290951.4618290651
3586,295830.5983782447
3587,287954.37709405937
3588,287684.1123698836
3589,295800.31553108006
3590,302007.3829194427
3591,296604.10773555184
3592,326203.15338814905
3593,288311.5928548911
3594,261652.67171345875
3595,249853.91938173783
3596,249042.58188914479
3597,258419.8943204559
3598,272497.0309204424
3599,277365.9117378243
3600,363037.79577259603
3601,403437.95357498084
3602,387421.9614685856
3603,359848.9109909759
3604,349774.9180381289
3605,344574.2530829095
3606,335469.72478841513
3607,326130.4925029634
3608,173781.6916235209
3609,146459.87648460345
3610,115028.83601037893
3611,109466.90612691903
3612,110118.61681342471
3613,113571.3669064297
3614,116512.35255240521
3615,117873.67639337797
3616,281426.57132048806
3617,301384.1100832995
3618,289254.55997004337
3619,273653.06961090583
3620,268122.0121097747
3621,265667.9512729367
3622,264212.7556234583
3623,265515.09953927645
3624,165403.16081068694
3625,241145.99127943593
3626,281725.22236781684
3627,289132.8918049092
3628,283132.2112411044
3629,276562.3190933026
3630,272704.30875858647
3631,265333.4354610042
3632,234046.46688275653
3633,214307.62788777027
3634,195844.2968304995
3635,200948.01671951645
3636,202450.0830071228
3637,206216.6343184678
3638,213126.11401550242
3639,212889.33488712538
3640,396028.3968440003
3641,415195.24583734997
3642,405831.32260474307
3643,386780.78453348286
3644,376714.6244974885
3645,377476.94393865566
3646,380024.95238022367
3647,382028.67620324215
3648,800841.0469033979
3649,776023.2504300363
3650,698519.2660461186
3651,640960.7128887996
3652,611474.4679201379
3653,596471.1805166332
3654,584569.7832935562
3655,576477.7159567219
3656,292661.6280719497
3657,336967.2742589925
3658,358370.8248579708
3659,351672.32091427606
3660,343155.3632047426
3661,336735.80906378874
3662,333824.5812498356
3663,329509.184384869
3664,408891.58719506
3665,492051.41293985856
3666,516838.50995927415
3667,470249.7538525842
3668,435907.532113509
3669,412257.6362975186
3670,402973.8759605877
3671,401001.2762899606
3672,170419.74741746046
3673,219374.81269398791
3674,237276.57880738776
3675,236761.68905471129
3676,239463.3348825524
3677,242813.25516997266
3678,235939.50461344564
3679,229657.3685959335
3680,407892.34687197895
3681,379761.12799589173
3682,376207.4092614794
3683,372150.77945210785
3684,373298.57363746274
3685,371132.90259201673
3686,369172.12270021404
3687,369827.5139295403
3688,143619.5945638127
3689,126713.11820323873
3690,124259.02419053874
3691,125260.2111161908
3692,129221.9208078692
3693,134318.81518185555
3694,135051.5907720364
3695,131904.9736573855
3696,191281.77345787463
3697,209577.06152542346
3698,195643.62218649924
3699,186982.5014849926
3700,186089.58157051902
3701,188792.99310261535
3702,186939.27650810435
3703,188751.6975281661
3704,368974.49511184345
3705,402602.20208177296
3706,420334.1874720555
3707,418678.05469232117
3708,410936.8705367733
3709,408594.71700719587
3710,404906.2694619459
3711,399074.5967175134
3712,357010.09233894094
3713,359096.06877866323
3714,358913.6886085601
3715,374074.3380560816
3716,383485.0109896197
3717,383394.70177893614
3718,381941.16217986745
3719,377324.18679827783
3720,388236.07722225005
3721,291999.7126033502
3722,241304.10687718543
3723,237159.81561337516
3724,235433.48154431296
3725,233237.22532605272
3726,227782.6355214833
3727,226940.83663012675
3728,312907.98979999125
3729,274765.7134124751
3730,265019.97749785794
3731,281145.86823142803
3732,283379.92179092974
3733,281217.0343298791
3734,280159.04504350864
3735,280449.39309628913
3736,452589.4136049787
3737,493594.0683577879
3738,503251.30780952825
3739,500907.01191160496
3740,500343.5763376312
3741,501407.1452473913
3742,502448.67005154805
3743,493698.47057858354
3744,203890.86831455608
3745,178471.03448063
3746,192254.4131951541
3747,197390.9283996207
3748,203886.31856353296
3749,211597.7572610444
3750,216772.33250404312
3751,217527.9465980099
3752,320176.1429616562
3753,316423.30134532554
3754,301918.0228719253
3755,293905.94848875765
3756,289439.8567253403
3757,283405.44509178976
3758,274545.4430572238
3759,271313.46011162444
3760,458777.97402733343
3761,358638.30209289386
3762,309094.39428988064
3763,310946.4660068358
3764,316088.86329303146
3765,321130.81333918875
3766,319182.56220434426
3767,316066.5766680039
3768,289343.2326806955
3769,237726.2728834867
3770,204560.79858458188
3771,210323.76545794407
3772,215131.52543819518
3773,217300.06727336452
3774,216017.5938451621
3775,208567.95101997745
3776,110730.3530318843
3777,150656.71722304018
3778,176391.6641008876
3779,186821.9655181064
3780,192355.88430246228
3781,190552.39702785865
3782,183726.30945758166
3783,178872.61077186148
3784,236139.6644541539
3785,218277.97012585748
3786,211911.9394567532
3787,209438.62634767045
3788,205476.23803670518
3789,197339.93435332383
3790,194235.05396819772
3791,195029.21174309205
3792,273468.14207381674
3793,230346.84123535873
3794,244534.8237635661
3795,242495.11685775273
3796,247873.03312700154
3797,254260.18007810845
3798,256799.7588057759
3799,254512.62998581593
3800,485502.91165332467
3801,426130.8848143509
3802,388838.2460206158
3803,380302.43254604796
3804,377773.4139520141
3805,376965.4278586567
3806,377152.6905167812
3807,379257.0039167318
3808,222971.36340423307
3809,231529.37267302987
3810,224780.4607202611
3811,221107.6613583317
3812,220115.2796988182
3813,221100.44517891936
3814,225305.15602030378
3815,225821.3827559374
3816,142034.09075910912
3817,121125.99651903962
3818,110668.39708059886
3819,114204.60004115524
3820,116328.99270459893
3821,115423.00206568194
3822,112136.29698182491
3823,109976.09063398917
3824,431976.9145653028
3825,492670.5648981199
3826,550823.3298924366
3827,558204.3258605661
3828,546127.4186575653
3829,526723.7782885372
3830,510754.3793091121
3831,506259.61586032104
3832,436566.8224436435
3833,503588.7705318113
3834,469126.41616220796
3835,407222.6047087695
3836,376609.1099095178
3837,363410.8455257953
3838,357516.96469086595
3839,344115.18308586313
3840,284923.8694143642
3841,269294.3830208668
3842,291892.945373207
3843,291889.58613507525
3844,278526.38996686664
3845,265513.8349532504
3846,258842.91948434908
3847,253918.17989727878
3848,196099.48437006076
3849,135167.12114499314
3850,99718.83663438557
3851,102507.74330773298
3852,111487.35200862342
3853,119717.83381128023
3854,124379.26042589729
3855,125773.53050972667
3856,249269.3660852914
3857,288661.83720607345
3858,300488.9594151321
3859,294313.91539427737
3860,295588.57797174866
3861,298073.2525070608
3862,295865.4747822505
3863,294956.7482046797
3864,187592.64733598998
3865,177075.52215081808
3866,172757.91537448118
3867,180935.29929470044
3868,180983.98380597157
3869,178809.87935268955
3870,178041.79913983494
3871,172618.40980281867
3872,137994.67058208212
3873,177862.22373167804
3874,206675.31891793577
3875,209992.19418304085
3876,211194.60634277694
3877,211259.5745808934
3878,206982.5807782999
3879,205159.33710599522
3880,259261.8155568402
3881,257014.7162342308
3882,241637.077946998
3883,235996.72126254183
3884,228020.5771218765
3885,219296.5557715403
3886,211023.46517503078
3887,205501.2810666049
3888,354281.0046525689
3889,421199.66702958546
3890,436133.9228886822
3891,420719.2080101005
3892,413247.0565016039
3893,410369.97121851216
3894,402921.983642035
3895,394960.13458933425
3896,88963.11900493223
3897,87277.72409296653
3898,95575.39078787612
3899,100107.3129646632
3900,102647.1800788093
3901,102630.5355088517
3902,101016.3146953545
3903,100971.54560013974
3904,260305.93342105168
3905,237036.97509960248
3906,217793.7903183897
3907,216550.63028549508
3908,216058.6576246447
3909,217006.08392528162
3910,212741.18357043393
3911,210849.83289670697
3912,300244.3771057257
3913,294118.31184140674
3914,258097.52324836003
3915,236678.36093974503
3916,219213.04948996287
3917,211053.1735494099
3918,209754.67541769473
3919,207137.38257611974
3920,169531.98050869233
3921,187606.41284861715
3922,190470.24731953407
3923,188180.645745987
3924,184824.66568173133
3925,183244.44485076732
3926,178965.9936556617
3927,169739.09377162927
3928,233016.9279377823
3929,222667.0331395371
3930,232377.2225445538
3931,241540.88258275038
3932,249269.36312711154
3933,252383.60127433337
3934,252152.89612045084
3935,253288.70268702117
3936,114779.30937571896
3937,202458.60212092887
3938,232610.68583822955
3939,229437.3136694768
3940,223763.95619193884
3941,220979.48482474717
3942,216181.95007991453
3943,212804.01845966282
3944,416904.1015077438
3945,447118.34200152603
3946,427244.6130482857
3947,404875.28909634775
3948,393682.7190078503
3949,386833.28122133494
3950,382654.9065389794
3951,373927.49710474047
3952,331551.31165251124
3953,334493.75579355797
3954,351501.8226755572
3955,358993.6048271335
3956,359703.2388372652
3957,361647.6258879605
3958,367813.4019380914
3959,370680.2299748361
3960,122193.15313325785
3961,97859.56872115948
3962,85695.62173309771
3963,88949.11825717779
3964,91504.50888073165
3965,94446.15899927827
3966,98652.56090095005
3967,104042.59148251524
3968,107924.43867762238
3969,147336.86329768432
3970,155895.04365906998
3971,146869.91591682695
3972,139575.25524153205
3973,136596.79540232726
3974,134384.62284319906
3975,132521.67239522733
3976,90335.10398166633
3977,121484.252950442
3978,125368.35305209961
3979,113160.48250083049
3980,107619.66539355906
3981,107854.35313306499
3982,108372.70360420161
3983,105213.83466582821
3984,145886.88502202433
3985,172645.333079195
3986,173216.82251366915
3987,166559.38037717782
3988,162490.58085712796
3989,155630.615929824
3990,151111.77883799595
3991,143947.30565439007
3992,224785.03872301083
3993,190889.56653527112
3994,191315.8886993752
3995,197899.40635922685
3996,201984.84219712662
3997,207532.68650306066
3998,210867.10547577194
3999,214322.10678405437
4000,282176.24488417234
4001,287953.59271285014
4002,302535.49756699323
4003,297909.28226413217
4004,297906.110506468
4005,293107.009744153
4006,285177.1108027397
4007,283009.70958703966
4008,607245.1793320952
4009,545183.6405095982
4010,525429.373401304
4011,515819.0240002949
4012,522581.95728244167
4013,533619.1671698594
4014,539742.8522886268
4015,544840.6934118647
4016,152219.36107310432
4017,132149.79912095965
4018,122638.12721914914
4019,130706.2163112323
4020,135123.86168805236
4021,135902.5359995375
4022,135840.79709737806
4023,137542.66436790256
4024,155812.9603225137
4025,224806.13159746976
4026,244287.50976410808
4027,227235.2752860032
4028,213472.88677987503
4029,204339.90357074724
4030,200023.28670614044
4031,194879.6517834208
4032,182975.75949672167
4033,140682.9615591409
4034,109801.27973225334
4035,107497.9277850606
4036,109499.57620827871
4037,112232.6130181957
4038,116018.69344841456
4039,116643.28109557508
4040,249080.70251929841
4041,274042.0698782113
4042,288215.3405302561
4043,293083.70549747004
4044,295690.2537035764
4045,296381.3402217262
4046,299826.85676256206
4047,301254.1478147774
4048,251713.53935096803
4049,304839.6416745742
4050,317270.2499467177
4051,313534.7089708722
4052,309464.28702901915
4053,310151.2335366406
4054,312907.1208047078
4055,314563.5777480312
4056,280166.3599433408
4057,269433.6630007588
4058,265659.85813811247
4059,258630.61219581304
4060,256979.18738852633
4061,255128.4819407017
4062,255510.9574808904
4063,257306.81847672188
4064,307911.3116687913
4065,321082.51294732105
4066,350605.80263122125
4067,348375.29572858196
4068,344601.38369239535
4069,341575.6627414752
4070,341489.85577569925
4071,343303.0845871994
4072,536422.3540782628
4073,525556.6416740689
4074,472840.32412420295
4075,445999.5703161393
4076,433495.3636027826
4077,429184.09528188634
4078,430520.0135907517
4079,428014.70938301814
4080,231223.8143877391
4081,276171.8070636847
4082,316658.74719056074
4083,328003.72257089237
4084,339761.0144345487
4085,347670.5974170541
4086,350124.34517578286
4087,346633.0632495039
4088,489782.8617543749
4089,480432.74036713096
4090,463306.3368972983
4091,447857.2241004831
4092,444686.02613386326
4093,433553.3663210746
4094,428733.5413876669
4095,434080.09164005955
4096,57307.77652893317
4097,89106.17915853445
4098,97985.52239084354
4099,95003.20687552239
4100,96643.48489289146
4101,98891.03989163498
4102,99081.88603489118
4103,97461.53932374265
4104,257240.75522515937
4105,276602.69213422737
4106,290859.7690529663
4107,282873.0455403833
4108,283217.01132884494
4109,283002.8065762512
4110,282992.5952529236
4111,283312.91378143884
4112,265603.2065212883
4113,293968.79470923427
4114,304385.8623687372
4115,304703.1306309604
4116,303856.7654572003
4117,300836.13663523254
4118,299788.9634350899
4119,296287.53553812415
4120,142237.4476149435
4121,126220.83335511462
4122,139799.91231207125
4123,148328.51175206303
4124,150666.3516924389
4125,147211.89916126145
4126,146323.9921980188
4127,149025.2678881191
4128,116598.64520769406
4129,116078.07209834023
4130,114222.73599422618
4131,112862.93371543172
4132,112186.05989691173
4133,110698.17199958762
4134,106039.84446941465
4135,102692.78370011062
4136,331301.0459973919
4137,358180.99227408395
4138,340199.56094944116
4139,321538.9918257456
4140,317322.48470360064
4141,317859.9973949006
4142,320816.86073904025
4143,316993.9620399169
4144,312443.83073717786
4145,309586.8751804898
4146,321594.8299240413
4147,329252.4969218151
4148,343965.5887457855
4149,368350.4760683007
4150,385731.6631771412
4151,388320.95642290765
4152,354370.94301292783
4153,459718.8145021999
4154,463467.7185350347
4155,440101.8484369724
4156,432140.94276771415
4157,430320.9541165953
4158,434545.4200548808
4159,437128.1066922076
4160,292168.41540066025
4161,263325.29044737574
4162,235544.113758398
4163,226121.003547459
4164,223190.78708963012
4165,223528.5417662727
4166,224298.46197596332
4167,224527.41438397765
4168,498260.22847185156
4169,483169.724595885
4170,441009.9045373418
4171,417720.0040102874
4172,404377.4613575075
4173,396259.9003646375
4174,389418.06747873593
4175,383002.31470136635
4176,45407.89488430461
4177,46841.8968807373
4178,48537.58153348256
4179,55606.550915562286
4180,62786.15516072555
4181,69370.74449946953
4182,75422.49916034174
4183,78511.21296466558
4184,174885.63736843376
4185,226554.58363482764
4186,238266.3643270486
4187,239435.6542196207
4188,239487.19197688097
4189,236556.47057348597
4190,234186.91934029091
4191,232381.2318126817
4192,210875.4105996022
4193,244533.7634344882
4194,245404.3304975566
4195,241073.2277087624
4196,240873.4451588886
4197,247950.59569293054
4198,250944.56191846804
4199,247600.26499050064
4200,491113.38383873703
4201,492880.85908010136
4202,514000.5221429104
4203,523516.4291887244
4204,528729.6070458521
4205,535440.5060223028
4206,542784.5765208469
4207,543049.4582473496
4208,270874.17676557135
4209,293421.35014965635
4210,286659.3348745091
4211,272895.8786053402
4212,262639.20617353596
4213,259862.85873480508
4214,261098.37690128552
4215,260100.41127162744
4216,107908.94228253776
4217,72914.13620385484
4218,74137.784525286
4219,70547.69865175357
4220,71287.8268393231
4221,73723.18970500206
4222,76777.73696912953
4223,75356.10686448391
4224,398733.09247778036
4225,462999.36283669475
4226,490361.30869629374
4227,479339.21772570047
4228,474936.8047415647
4229,470258.5076600666
4230,464702.5620725169
4231,461288.01959587814
4232,238275.99099929724
4233,227430.77979370704
4234,221930.99994540925
4235,213690.92041757554
4236,212288.1416706325
4237,212118.27797538298
4238,209023.17184086528
4239,205266.98001843248
4240,149068.502762614
4241,121757.0038566053
4242,127376.558053857
4243,145009.64904127538
4244,160557.74965720624
4245,171984.5798554211
4246,176633.05967065744
4247,177799.27011715306
4248,95708.17543516809
4249,117278.81026716402
4250,122082.30083583161
4251,121428.34431970259
4252,121948.65360656034
4253,126440.94119987136
4254,129420.95812145405
4255,132164.36479332426
4256,97834.97992947887
4257,112650.50448968014
4258,106411.4167104571
4259,99003.74151610376
4260,95597.97227332136
4261,93442.67751092772
4262,89893.3976172604
4263,86071.98515606055
4264,448115.16674367536
4265,375420.9944618386
4266,314869.4643252937
4267,295104.5672568967
4268,282548.56165518163
4269,273737.95032230933
4270,273535.86506222514
4271,273635.60681446106
4272,326151.4209162281
4273,351194.9316281626
4274,375565.157012502
4275,374849.17132201773
4276,371341.248241557
4277,369138.460543543
4278,366195.7411153284
4279,363329.74530648335
4280,413794.5512289065
4281,422748.3687214666
4282,402328.12685391435
4283,377093.750837
4284,366409.2180017208
4285,367660.13509071385
4286,368118.61182695243
4287,365798.9846322249
4288,338661.108340938
4289,291845.0018245899
4290,249784.91294826256
4291,228516.21868459505
4292,217481.09553828122
4293,212485.30613869423
4294,206747.7307534917
4295,201295.10460281261
4296,225862.8552216523
4297,259021.30247724405
4298,265101.327647931
4299,251864.01176085224
4300,239250.61269356284
4301,229209.6060224765
4302,223109.75168898542
4303,219476.4402163045
4304,337678.73422684864
4305,304570.9002249383
4306,274359.68273272587
4307,270437.6034985957
4308,276548.912156961
4309,283477.8961624783
4310,281633.942374001
4311,284314.44133627205
4312,222572.4454431796
4313,230219.04097255965
4314,219152.7040548676
4315,210774.4492403235
4316,200933.3301293971
4317,194790.62834985225
4318,191037.0982701169
4319,189979.94205352984
4320,124453.89757869349
4321,119305.78562829227
4322,116133.33571833663
4323,127066.54677269407
4324,132589.9423154607
4325,133771.51762334042
4326,132688.3952318834
4327,127759.12425783585
4328,333077.8774979653
4329,344135.9836639566
4330,343836.39465600916
4331,339754.0890986963
4332,329588.43069164874
4333,318356.3006526923
4334,313556.94489573897
4335,310254.6167172943
4336,250359.0326457934
4337,282428.83789780614
4338,308102.00204451394
4339,304966.566701132
4340,299740.9015381812
4341,296503.8139193134
4342,294238.8343077544
4343,290504.5049005442
4344,147423.29884138098
4345,136704.4946940801
4346,135217.7520791698
4347,142524.49453683218
4348,147666.9541706646
4349,148243.85480422684
4350,148055.18992353108
4351,147373.79237687035
4352,489267.8119237665
4353,379491.5449804134
4354,317560.0055306399
4355,311500.46680881694
4356,321337.84306395735
4357,331100.5175996942
4358,331218.4725927838
4359,331352.2691211695
4360,205562.41680728493
4361,232190.13424504222
4362,248394.68148474523
4363,261046.97283527194
4364,269402.2856678706
4365,275160.8233103431
4366,281597.74483209953
4367,281677.4447016908
4368,362392.9602551934
4369,385667.3733610645
4370,380520.42574477947
4371,373611.9734353693
4372,363540.51094037795
4373,352453.4718952315
4374,344791.8345069535
4375,341689.244287384
4376,210203.8774477681
4377,195579.55322992406
4378,181066.26322308942
4379,175820.31096693958
4380,171407.21592096408
4381,163733.98368379835
4382,158080.2049230968
4383,159305.82014803894
4384,318443.44752924796
4385,351773.0296670736
4386,363774.1883090887
4387,365470.83482831647
4388,358267.3628160906
4389,348357.0867318781
4390,341553.81198531017
4391,340251.6812826282
4392,191835.6571039477
4393,152678.58869522088
4394,142600.24955417693
4395,152348.20532301464
4396,156973.78135264886
4397,160854.58451884196
4398,165173.77075440277
4399,168339.88347332668
4400,197057.60956857924
4401,189555.04673206538
4402,174964.52016573658
4403,173969.31824694277
4404,175628.8440057181
4405,174404.41509307956
4406,172884.06855266143
4407,172115.4824196688
4408,446138.49721901375
4409,430605.8456552281
4410,394725.2816187026
4411,366804.18791059457
4412,352422.635489173
4413,348173.9512254413
4414,345945.21280016046
4415,344805.3329249411
4416,322044.2129218248
4417,292836.12171493686
4418,278315.96243869443
4419,277920.8902341574
4420,277668.96045682125
4421,281294.4929326191
4422,282621.4352323912
4423,284897.18739800033
4424,83019.68267675259
4425,114404.03634562786
4426,135385.34003087858
4427,140122.08252351457
4428,137455.8334277392
4429,132110.50427482766
4430,127958.62397175381
4431,124010.11223395023
4432,371166.888996217
4433,378371.47544482246
4434,358194.60695920425
4435,348078.09496140113
4436,346752.1784458372
4437,349845.3665743363
4438,355325.6819592204
4439,354356.2696427183
4440,459195.90183871053
4441,498896.15799115977
4442,498697.3235812746
4443,483589.4128091781
4444,472663.4085435429
4445,465442.6600929402
4446,456267.89597375103
4447,449388.8231578913
4448,580655.4876471388
4449,578606.945091499
4450,564215.1338054244
4451,562164.5449991417
4452,546883.5699358964
4453,531581.3050512024
4454,525556.9294691687
4455,517484.88369857694
4456,202794.47096283457
4457,260116.03466502085
4458,255403.94927501332
4459,231569.23355714537
4460,219366.0600762277
4461,214402.25875395993
4462,214745.34046836226
4463,211033.1210143568
4464,255687.8861985891
4465,231857.6918063286
4466,213757.1336551312
4467,217880.08230567147
4468,226184.45664269963
4469,233509.35850920723
4470,233430.3404936533
4471,236048.5040652516
4472,107733.36925953109
4473,123624.21004153596
4474,131407.81797564105
4475,126676.74772307271
4476,124326.08294217274
4477,122548.98432938126
4478,122850.92495782583
4479,120333.4574839969
4480,170860.4722724575
4481,241014.0120234096
4482,276879.08167856495
4483,283474.7435937381
4484,288657.75579716294
4485,292919.37639825523
4486,295698.6445293333
4487,296918.1816047544
4488,302829.4884321181
4489,358264.8821764084
4490,363070.09058675484
4491,346431.86284681346
4492,334753.29099205276
4493,321033.6455531117
4494,309276.283129809
4495,305373.4902758601
4496,293496.8970366303
4497,287977.088210457
4498,282211.87532556243
4499,283172.3181186987
4500,285225.7993832525
4501,287685.69771777495
4502,286913.1674103477
4503,287286.42153112876
4504,128962.61009883537
4505,133660.662385221
4506,128995.15825686775
4507,121664.88772838796
4508,117537.06696225234
4509,118462.82842575983
4510,118077.87234033374
4511,113605.56049113363
4512,328824.89545652905
4513,282283.7438364262
4514,283268.67206716776
4515,290996.6572625875
4516,289314.8645916359
4517,286056.2775676872
4518,280537.0569717264
4519,275550.70171054744
4520,189329.72475067264
4521,246945.80046216754
4522,273105.9338749384
4523,270770.2686612332
4524,268582.0705913198
4525,271643.1938484071
4526,276125.7126725333
4527,276194.5255615909
4528,378021.0598602173
4529,359580.02514814085
4530,379365.72877259157
4531,406596.8765751672
4532,418084.8710380326
4533,417114.0613821581
4534,416267.7912748031
4535,417357.2846883819
4536,128293.32751106765
4537,192672.42416404834
4538,232132.3381682125
4539,234905.9980823978
4540,225571.02097105494
4541,215393.73642334668
4542,211203.85853306297
4543,204868.61371826706
4544,206889.9718299676
4545,282471.8384423867
4546,308271.0443044094
4547,306641.51068164257
4548,301413.08435212984
4549,297617.7799412232
4550,296459.31310833566
4551,292093.5965695204
4552,82891.94954976876
4553,105672.72684224483
4554,114613.06013432046
4555,109012.23750328735
4556,103884.81744526437
4557,101252.74781361222
4558,94497.4936810513
4559,91501.7761354376
4560,295529.76674224396
4561,335288.04280805076
4562,359853.11278360063
4563,376380.16537768976
4564,383492.6065895888
4565,384319.350787234
4566,383136.01580830186
4567,375818.04600685905
4568,272420.98321544705
4569,299901.25950196094
4570,303915.768876987
4571,293532.90024862945
4572,289475.9969673277
4573,286113.4144807764
4574,286281.3330580032
4575,281136.6906925386
4576,431158.68056564167
4577,389239.2953788129
4578,364620.3366888444
4579,358431.52067945973
4580,362351.0422781895
4581,365691.2896308199
4582,371213.20905222313
4583,377255.86686310085
4584,308036.5732535654
4585,361305.1282179454
4586,398284.41965790256
4587,395283.56553910463
4588,383788.12934112886
4589,373336.00351971155
4590,368909.85448218626
4591,363288.1775934301
4592,240731.50320889405
4593,170229.84479693233
4594,164411.06396120816
4595,169087.06373675048
4596,176526.5885200331
4597,185484.39677571843
4598,188397.16834188206
4599,187977.75909358775
4600,107908.59796974465
4601,142264.29195631936
4602,138281.229413785
4603,123934.90641068388
4604,119057.80019902426
4605,118788.9045998489
4606,116684.98957573663
4607,112841.99825330585
4608,633938.7594741153
4609,612447.148575873
4610,568876.3577295411
4611,530908.2031105492
4612,518945.485222123
4613,509806.88881272956
4614,506622.4424818431
4615,505380.93203560676
4616,395542.26420305605
4617,466440.84067670174
4618,457919.3347883628
4619,441689.9042012315
4620,420328.008143992
4621,395154.9358774156
4622,383230.14006787486
4623,383046.17741148476
4624,537462.7855747333
4625,479082.10347358
4626,430966.97194312164
4627,418828.5244832176
4628,413914.21181275917
4629,409358.26738399
4630,400850.8042738467
4631,395994.7467261334
4632,171953.37770549522
4633,191492.5836086623
4634,208312.08208077692
4635,217396.4414230568
4636,216400.25100208953
4637,214667.18023813993
4638,215807.3040466648
4639,213908.92846995263
4640,265279.7096399967
4641,249395.99018163857
4642,245369.0352897463
4643,246535.3807647924
4644,244139.91554077552
4645,236052.35933587307
4646,233105.50465853838
4647,229896.31004805095
4648,145368.50893090983
4649,156675.37151462084
4650,160776.20782244613
4651,154279.16428111363
4652,151015.44530833582
4653,149181.21076723744
4654,147672.96610287274
4655,145176.37503027183
4656,410199.2807120074
4657,439579.8986128653
4658,471097.1176135385
4659,460750.5750344832
4660,450306.2937028986
4661,449113.4564403276
4662,449976.2044969888
4663,443119.9986248862
4664,106028.68169051711
4665,133965.47889708198
4666,153473.27086892363
4667,157530.87528900185
4668,153548.45668207062
4669,149589.15962163088
4670,151637.60168895248
4671,152491.66576617336
4672,392694.1306437885
4673,383199.8422567989
4674,375029.1887372637
4675,371596.57518480194
4676,367255.0375550667
4677,362478.7257876793
4678,359653.09011410194
4679,355466.0840845566
4680,378625.78885191446
4681,471639.48383810825
4682,499936.6441514441
4683,483065.24862341833
4684,469013.0939513442
4685,460502.4245833042
4686,453062.20010200684
4687,446452.06619201705
4688,130883.57009791059
4689,122350.3539458916
4690,114600.38999913516
4691,114452.13344264976
4692,113875.56257927444
4693,107061.00912255893
4694,98918.36048264868
4695,96211.73819004348
4696,119527.37692714453
4697,131800.0164779051
4698,140776.41860239525
4699,136905.97626260007
4700,138314.77809465647
4701,141880.267863484
4702,143613.736918385
4703,141815.41504864232
4704,381211.4830525123
4705,315956.7395551506
4706,285886.9836743702
4707,282327.6264070411
4708,282933.50930827926
4709,284042.1370043283
4710,280521.13952307834
4711,274763.69448209
4712,167839.0243085861
4713,124287.55769704693
4714,116496.02728743487
4715,123161.61239170213
4716,129319.63316052544
4717,132402.24007464034
4718,135037.1221298297
4719,137238.5733584788
4720,506408.5638018883
4721,494159.17509805266
4722,492834.9290381281
4723,493653.8225475891
4724,487796.5264216676
4725,475276.5897185027
4726,460583.7110825033
4727,454857.01365372975
4728,161477.81534439686
4729,197679.24031886415
4730,208951.03629636034
4731,206634.0392947882
4732,206504.14087861535
4733,203086.70893708727
4734,197674.37081632632
4735,193137.38291559406
4736,590354.3228075224
4737,637638.7388889892
4738,620552.8067516536
4739,603578.5816903461
4740,592188.5648198841
4741,589003.5317778296
4742,590441.8755618006
4743,580262.4350490859
4744,316174.6757526446
4745,366630.00164241495
4746,372438.102812449
4747,360269.29466203705
4748,362814.4788328516
4749,368322.7419150956
4750,372828.0687565531
4751,369499.9440083616
4752,241834.36300202704
4753,302332.1740206301
4754,305034.71085984935
4755,290317.7886356284
4756,288353.3844558179
4757,287522.9771972076
4758,280098.2327570985
4759,277796.62012293795
4760,257311.18932889236
4761,216894.1726045278
4762,236443.99162928993
4763,247758.6865536217
4764,256323.5384236504
4765,259839.37550553615
4766,258992.748791987
4767,264836.227162472
4768,178297.44854814222
4769,211114.41265164135
4770,215602.0840443625
4771,211024.56454418838
4772,200917.1836704746
4773,188451.48697484325
4774,175857.31629323048
4775,168117.23558927877
4776,357513.64896648645
4777,351407.4570744586
4778,360619.9536234873
4779,376924.470073086
4780,379775.31626475265
4781,380166.3901580301
4782,379431.3192087361
4783,387998.26097104
4784,99143.21438221904
4785,115084.50796889575
4786,126954.93262821052
4787,133130.64529800572
4788,135027.65427464535
4789,133994.87364551087
4790,134512.72223038226
4791,131115.70216792374
4792,77221.41909289852
4793,69015.50825334707
4794,73449.78902593802
4795,78967.69448583238
4796,81069.04849526097
4797,79923.3834751632
4798,78277.26773319271
4799,77202.96658764238
4800,299755.3840514639
4801,223418.5555850278
4802,165721.1389938794
4803,160210.4387268901
4804,160593.6294489219
4805,163278.23066863965
4806,166484.93513146695
4807,166303.28975229888
4808,264891.93061329104
4809,230387.68659571587
4810,187025.5455795979
4811,169902.50470192145
4812,160822.92324917816
4813,155336.41848713232
4814,151411.6918805056
4815,148390.08255764729
4816,160319.21894033678
4817,216608.73142228145
4818,237741.66329900932
4819,231900.4536715513
4820,222147.4340868757
4821,213285.50536389626
4822,210828.9834744406
4823,209050.54248955662
4824,313623.62629426003
4825,332702.3908302508
4826,309475.7379670857
4827,293020.2188184333
4828,275315.0215883324
4829,255062.26437587495
4830,239574.59642573065
4831,233972.79670592613
4832,239268.75875899466
4833,206105.5885018145
4834,167680.57002089932
4835,163530.86818806332
4836,165909.0024086886
4837,167809.92699590602
4838,164610.66400715642
4839,166916.29067926045
4840,242883.35686177175
4841,315486.89124051074
4842,350664.51180141745
4843,349089.3799505158
4844,346152.0620006711
4845,340752.23805162346
4846,338660.1601366305
4847,335181.729598993
4848,255308.26557586034
4849,302340.9696080272
4850,320398.8935691023
4851,325058.26849080244
4852,325259.1743808722
4853,323842.48357180884
4854,320645.9331356615
4855,312023.3740989785
4856,602450.9699337527
4857,573424.9865781468
4858,531146.1639543351
4859,504830.9161134832
4860,493933.2551613234
4861,493581.58233504684
4862,496163.87435841723
4863,493101.4152108117
4864,366621.17935538583
4865,402853.75430622767
4866,410499.18640092685
4867,403877.58917675447
4868,393949.11808891885
4869,388524.8620198018
4870,391774.47025701223
4871,381393.75816788606
4872,335775.0966864585
4873,311586.7287122359
4874,292395.9267332109
4875,291762.16489200917
4876,292551.8734612446
4877,296434.27383120894
4878,298180.98745757074
4879,294057.9288107846
4880,136500.08711217274
4881,153469.70869892684
4882,159631.53687189985
4883,160315.4983668893
4884,163942.79553762812
4885,160593.610587338
4886,153175.64380609634
4887,151613.6741379269
4888,121439.60593581398
4889,114480.00730884532
4890,109042.84715579936
4891,106414.58541868569
4892,105796.45276109927
4893,104123.87005400128
4894,101746.69722183258
4895,99381.63713647952
4896,329733.30089534435
4897,416914.5189144772
4898,430196.9735247954
4899,414569.6440746973
4900,400438.0256614033
4901,396086.26629720256
4902,392788.9372519982
4903,375863.3988229567
4904,358875.64060669654
4905,347029.08315277396
4906,329293.5934366649
4907,334388.8285657393
4908,328015.1806061701
4909,324293.02552144777
4910,322228.9753799145
4911,313850.46628186095
4912,419579.4961462206
4913,461022.1873487118
4914,474820.5543258287
4915,471989.29749082366
4916,464747.8047163126
4917,456472.36810412724
4918,449433.2514238249
4919,441023.9958655759
4920,402754.4063915865
4921,430708.45172314555
4922,424860.7978233233
4923,431432.19409725536
4924,437488.67203836376
4925,436470.0285340629
4926,430576.33811317885
4927,427964.24382470385
4928,135955.52683374516
4929,130590.22911102683
4930,141208.73172556638
4931,146555.45274283626
4932,148651.41450200597
4933,148470.87560511281
4934,148549.57951794766
4935,151008.78004763767
4936,156927.04791547637
4937,187096.2693926273
4938,198168.91953053317
4939,196104.66470193886
4940,192975.71211650854
4941,183433.02004451904
4942,176716.36490785138
4943,173904.46265602205
4944,423479.76848475775
4945,388647.12039445585
4946,382878.13078707305
4947,401731.160681641
4948,418015.87270833727
4949,428034.97344177554
4950,435241.98800191865
4951,437798.22883991967
4952,184937.559233672
4953,227405.6786465012
4954,233344.96221401982
4955,225528.8294144665
4956,216774.03657022704
4957,210260.6647902635
4958,208096.38426474214
4959,206052.13569684548
4960,425570.062617973
4961,387566.9766973619
4962,374682.7971298528
4963,389575.99828080693
4964,395673.2893838747
4965,397785.7284586515
4966,394624.70841335465
4967,384969.2855896664
4968,483954.09741356963
4969,512918.4282584558
4970,484655.4714635601
4971,441202.9307432973
4972,407906.82684761356
4973,384618.0261806047
4974,368312.3287693952
4975,353865.95625608694
4976,452851.9849101887
4977,439215.7803094755
4978,408588.8399784889
4979,397737.5890785414
4980,389413.2658620192
4981,386097.8892707557
4982,383026.07742560044
4983,371442.57952441624
4984,229483.71413083153
4985,261323.6164808856
4986,263290.3046036519
4987,254659.48374718064
4988,245309.9938341416
4989,240077.0475605486
4990,238215.0879083015
4991,237463.03356193987
4992,194755.74155963396
4993,186842.8776573606
4994,221443.54248021866
4995,238106.0435126617
4996,247164.08825351726
4997,252656.17438611365
4998,258307.70341255053
4999,260410.8187267161
5000,593925.3911067455
5001,661397.1332049712
5002,659430.6825439384
5003,638359.8481073093
5004,611959.46297336
5005,587943.2696469522
5006,573309.597932257
5007,565691.4891750771
5008,245666.97190320393
5009,274714.0463288484
5010,274272.61292498594
5011,265091.6748480478
5012,260176.90012628972
5013,254925.8900816281
5014,249594.91143965427
5015,247749.40565769878
5016,348449.7341417642
5017,324162.87032497895
5018,330036.14150617545
5019,340004.25271866634
5020,349395.5219866765
5021,360941.2502187155
5022,366983.76635858
5023,367742.4197759554
5024,212067.5391915216
5025,168265.1548351179
5026,177158.69261770713
5027,190885.19473973205
5028,196446.60515328712
5029,196935.40863811696
5030,198388.74425827072
5031,201532.65548247757
5032,300464.26099852216
5033,236374.68434037888
5034,212658.81425974006
5035,216806.7027971463
5036,220882.46451758523
5037,221369.52532660105
5038,225878.34796950372
5039,229609.9624400644
5040,254715.85024431534
5041,206638.14352438398
5042,191047.0397207546
5043,202057.83914623206
5044,215464.9728581925
5045,224894.34102613354
5046,228285.66769391354
5047,229238.4221247599
5048,292872.46780350915
5049,284351.8756459814
5050,288672.01834348415
5051,283013.7691788549
5052,279376.6963340636
5053,277957.62126231886
5054,278761.82986154594
5055,280697.10346122686
5056,106326.2431087622
5057,119847.83361161448
5058,131062.13803536198
5059,133729.47046657567
5060,133985.02632586987
5061,133718.1740655213
5062,133102.84829604597
5063,133645.29698142156
5064,215106.16194325045
5065,221416.79452419974
5066,225252.68936173242
5067,230205.23362805773
5068,232517.83140612932
5069,229995.53873833193
5070,223216.11292916164
5071,221786.25671069883
5072,102660.65858257521
5073,72207.8951658433
5074,62647.29372624244
5075,65333.935476530925
5076,67245.70338985918
5077,68620.24206322429
5078,71458.48778389714
5079,70831.1127289682
5080,154301.73272300523
5081,143635.02286687912
5082,158921.18378260237
5083,166075.3918854816
5084,169687.65059641653
5085,168244.72864456585
5086,169970.39194745623
5087,172951.56628836834
5088,423064.19376874715
5089,496827.36481222627
5090,540666.1870681688
5091,555109.6630782846
5092,554433.6517212382
5093,540287.750740334
5094,532417.3795118185
5095,540478.6825245819
5096,252853.11762403202
5097,276466.2176030278
5098,281860.7865749369
5099,269280.68548566906
5100,263252.7708470197
5101,259212.19538325514
5102,253891.66008072553
5103,248751.4314931336
5104,220620.58349148123
5105,271312.7476202283
5106,280581.1892564489
5107,275114.3232262285
5108,271909.51953276334
5109,279275.5385159424
5110,283438.73463619605
5111,278757.4518102766
5112,290928.82164127624
5113,260081.09914921652
5114,251064.77979737398
5115,250718.0425912243
5116,246849.89327001243
5117,239147.60324309437
5118,236279.00235093717
5119,236914.81153443106
5120,314764.0035489083
5121,281878.62504653074
5122,273854.13120826625
5123,275399.2297902928
5124,285420.0025155159
5125,293740.96086649713
5126,292694.4361950903
5127,293409.96486189147
5128,207027.71541728108
5129,204231.292316387
5130,186364.4647210562
5131,173020.69485052265
5132,167064.41216746543
5133,164897.17023822624
5134,161608.55435085073
5135,158336.9049441961
5136,430044.9208580731
5137,477546.39505118795
5138,486842.3428666198
5139,481053.52711040573
5140,472105.57264038664
5141,461349.45311762684
5142,455748.1105034573
5143,448754.10575065657
5144,373664.91212605644
5145,325026.77696493117
5146,300059.89034633816
5147,300365.8366694779
5148,302060.34779695794
5149,304626.021680565
5150,306119.1048152667
5151,307897.9747457327
5152,229880.3124296692
5153,241053.35354890142
5154,264276.21298423887
5155,270223.4033304296
5156,270475.32806647016
5157,272652.1796724175
5158,278149.2880865412
5159,280902.53503723064
5160,307158.55473873526
5161,315123.847644573
5162,347196.50514199067
5163,365834.3711176871
5164,365606.03929951706
5165,355758.9724201069
5166,354294.7009766996
5167,353151.76568583597
5168,527176.1025938307
5169,335636.8077605807
5170,279830.16026235075
5171,298747.0941792586
5172,313048.7894846655
5173,325553.1999541944
5174,333143.1017129985
5175,335298.56431944075
5176,313806.05925751897
5177,331832.7992566387
5178,356265.50499348785
5179,369114.6186819771
5180,362536.0142893484
5181,350808.18180981674
5182,342437.7952200613
5183,330919.7717139977
5184,328525.00041583565
5185,287916.5531795198
5186,276235.4463981744
5187,278618.66859548434
5188,282937.3314704639
5189,288135.92345326254
5190,294238.1131281971
5191,294831.4250867113
5192,198750.62775693563
5193,259064.95156098212
5194,271727.92504170694
5195,264027.50512812566
5196,255573.32846135387
5197,249787.7962811586
5198,247325.10593028233
5199,243553.47236937788
5200,33302.65500812902
5201,49178.99526167172
5202,56499.06348405854
5203,59646.63994783419
5204,59616.0607547792
5205,53679.607198037585
5206,46140.34694846778
5207,40879.315964985755
5208,568421.5138814328
5209,599493.7177071271
5210,607294.9455161518
5211,604608.0942040744
5212,598803.709258947
5213,584958.5192778946
5214,573445.7817669089
5215,584070.2055846029
5216,237843.57783792898
5217,235394.35481827095
5218,239006.574510062
5219,246147.13980651624
5220,247387.7630194118
5221,243052.51473440358
5222,239524.1159394557
5223,239823.05158066572
5224,150773.4210384802
5225,142119.98159016808
5226,152218.019967411
5227,164078.32944220916
5228,168843.5559592305
5229,167263.99884891164
5230,163511.20413743219
5231,162598.80595292657
5232,80723.75748617272
5233,131512.17808042892
5234,140625.8825952065
5235,128655.33967358628
5236,123823.76705744967
5237,120257.47407333262
5238,119336.90178231499
5239,120630.94794410389
5240,241296.2155343767
5241,242854.07720071546
5242,213719.51719338697
5243,201398.22079882934
5244,196219.3360918198
5245,195197.80642638175
5246,187990.87326261407
5247,183722.13904008004
5248,199955.36016881367
5249,212239.03534130772
5250,229091.4268873182
5251,240030.85926527178
5252,236112.39086201976
5253,228021.82572918973
5254,226060.36827472216
5255,221494.44089799456
5256,270012.58995388466
5257,299926.4872285624
5258,301173.67047653504
5259,292575.2848101743
5260,287123.04310164775
5261,285647.62170024565
5262,288749.33884701674
5263,284228.6900096274
5264,344756.89417563484
5265,457782.96207140107
5266,469823.6317079731
5267,441634.06971636787
5268,424089.003976415
5269,418891.0352432764
5270,417757.787133384
5271,410859.24390695133
5272,322659.0278217895
5273,326740.4601973431
5274,320367.2284350258
5275,320494.7314508604
5276,324042.0267031155
5277,330657.84745242185
5278,336270.21525364346
5279,337605.1735873798
5280,506633.9456946173
5281,517751.6838986045
5282,520411.57614427863
5283,507140.88754445384
5284,504654.3315887691
5285,510156.95916343573
5286,517216.57726437785
5287,512749.8341616619
5288,200178.0548566797
5289,304616.8505635862
5290,338264.9910406693
5291,324042.47237490857
5292,306479.3833697796
5293,290563.2156230334
5294,281491.24022581807
5295,271443.1102300767
5296,359299.73502966645
5297,410357.0596840451
5298,457610.6882446179
5299,457713.055446607
5300,445547.7052433011
5301,440332.48100077355
5302,439556.8146155597
5303,434686.1625332369
5304,128338.02688567265
5305,109787.08746346639
5306,118964.96114906645
5307,131997.45514816334
5308,136988.9023529291
5309,141284.91771651103
5310,146063.4317898557
5311,143869.15699221435
5312,229614.29322030128
5313,285800.8044261898
5314,305268.99687605695
5315,302016.9186848821
5316,295918.93303270184
5317,294745.77530443727
5318,292881.5129088326
5319,289647.4079828144
5320,348394.82094467536
5321,368450.7346481511
5322,396899.2128092081
5323,392265.71121829946
5324,378760.7188428849
5325,365475.2730888976
5326,362142.18921213644
5327,360126.68578782293
5328,52694.74171231792
5329,82581.2190040474
5330,101509.44596055627
5331,108109.10799107887
5332,110997.66995574447
5333,110601.94357546937
5334,106225.08370777723
5335,104511.56903339998
5336,334356.143260269
5337,318569.60459613916
5338,329145.2372539636
5339,339605.65509070246
5340,354686.8050689596
5341,356169.940006499
5342,355905.990972976
5343,359127.2908719765
5344,39500.97886609347
5345,39197.29476048119
5346,44301.52662476027
5347,50950.36581898056
5348,55977.425397000974
5349,58294.985060419305
5350,59202.48579565057
5351,59943.330244816316
5352,101777.55425191726
5353,153271.68170029295
5354,166072.07498792885
5355,154342.27333197603
5356,144406.15834758064
5357,138063.85390757077
5358,134104.01185222567
5359,132178.33414971424
5360,372745.1932129126
5361,475096.6792756242
5362,486663.16753076133
5363,466129.8937060189
5364,446963.03307059244
5365,435820.9168197205
5366,427186.3098429674
5367,419200.646692174
5368,563988.2519588685
5369,542692.007949709
5370,540362.152401197
5371,534752.8029306625
5372,522707.44348833116
5373,516855.4278969419
5374,516448.26399937435
5375,515959.0808513793
5376,143126.33231419156
5377,152968.23944348434
5378,162129.0131341443
5379,167934.9376674998
5380,171774.2597792751
5381,174181.3178095899
5382,172202.05625963863
5383,168320.44305330323
5384,204524.75750272349
5385,236640.283899994
5386,259750.27200134497
5387,258739.77234201788
5388,259036.75916488405
5389,259461.79633159723
5390,261397.12100063765
5391,259068.6352036224
5392,529272.6672586779
5393,444844.00026316114
5394,409624.4169401563
5395,410376.43149370956
5396,413951.76202149864
5397,412695.540068644
5398,408973.3846124511
5399,409516.1260246318
5400,399442.3281240481
5401,375018.0732792173
5402,346000.61263210134
5403,341548.78209126927
5404,342298.5346697715
5405,343012.9662751656
5406,341273.93699985027
5407,340122.1693299896
5408,205263.5530455959
5409,251615.13977746712
5410,278210.0757733058
5411,279568.8817790055
5412,277951.59443052474
5413,275989.97182059346
5414,276304.2570157591
5415,279342.3964605352
5416,179482.2157542362
5417,245682.33871551376
5418,280539.71143168537
5419,284836.3369101078
5420,280032.0929807266
5421,278396.7013238887
5422,276719.9434108997
5423,270324.44515509915
5424,111514.14060686808
5425,140814.3672623069
5426,156713.5011528502
5427,160570.56564228807
5428,157760.430596923
5429,152037.86206351907
5430,145249.52535095345
5431,138546.367637667
5432,183761.2268638756
5433,144020.3798376983
5434,124694.98550422379
5435,129510.76509217173
5436,133242.2325207103
5437,133271.57042798886
5438,131071.29710417363
5439,134161.5344277022
5440,178760.88670886686
5441,153018.88477957025
5442,160121.8632455048
5443,163655.47667923922
5444,169173.76227714983
5445,174839.99431811422
5446,176790.70004584617
5447,176624.39702981818
5448,360407.1049968914
5449,288556.62129516655
5450,272062.26397133706
5451,276863.4495129328
5452,283265.5877302083
5453,289402.3145205502
5454,291232.39976421825
5455,294131.0318972159
5456,445310.9263510918
5457,385188.8481047851
5458,378641.97613327444
5459,389955.3543914556
5460,391218.6783620644
5461,388651.4846454909
5462,390539.05245320767
5463,394674.03019637987
5464,319970.82705822145
5465,337647.91125012713
5466,327499.6774882363
5467,314359.6552087006
5468,302626.9367520546
5469,298002.8338896127
5470,297818.0976812488
5471,293772.5342258565
5472,297739.31739015924
5473,385581.33502801874
5474,419442.91828332527
5475,405291.5602720075
5476,395594.650296273
5477,384957.5975233315
5478,377181.6688852119
5479,376049.32587575505
5480,251963.182978824
5481,352275.419415006
5482,385438.0520572948
5483,377069.1333658659
5484,371370.1332476688
5485,362509.55418570014
5486,357899.61962323403
5487,351562.5903308268
5488,210275.43031247548
5489,177955.60678082745
5490,182016.26988428444
5491,198349.73915444768
5492,210627.3534240028
5493,214758.92368338624
5494,217149.51868066983
5495,218432.01013280734
5496,277893.68951393315
5497,297767.07313739613
5498,303202.26321862167
5499,297412.84782493254
5500,293794.7123366782
5501,290942.35675876023
5502,288369.5199924868
5503,287411.6557996501
5504,235795.9300016539
5505,246539.67413057337
5506,267272.573272412
5507,265084.82751542365
5508,265579.8423840136
5509,263309.3497261994
5510,254756.37862494972
5511,244009.76266529725
5512,166204.09498151482
5513,167385.59672794305
5514,186020.3724093702
5515,201692.43050208932
5516,209441.4291313401
5517,212397.69957633747
5518,213853.70924991937
5519,212977.28604778874
5520,697591.1854913626
5521,692888.6082555668
5522,656145.9072082541
5523,653592.6439700448
5524,646882.396703724
5525,643058.4300960514
5526,641652.5509657355
5527,634789.5465433947
5528,220998.8373964618
5529,268776.2606341416
5530,283271.5397589079
5531,265902.1853038515
5532,255535.94347372281
5533,247953.77627188838
5534,244152.22017197733
5535,240095.01820592157
5536,359739.0674336125
5537,400327.9237180641
5538,381908.12797288125
5539,359002.3455711236
5540,345258.49883036525
5541,335871.7756567403
5542,326356.76459674764
5543,317322.7725768455
5544,462934.17272922077
5545,476791.05230182124
5546,464421.12667959894
5547,446976.15648299153
5548,431123.5515269655
5549,420817.96247160994
5550,419761.6154753361
5551,419610.62069611275
5552,332676.80986042833
5553,297153.22131456394
5554,276308.2362869039
5555,276265.4516713611
5556,275159.48491561745
5557,269496.92921620404
5558,260995.4225101114
5559,258678.1817823678
5560,382730.6417381942
5561,332970.8894297739
5562,307721.53593974444
5563,295068.98820119567
5564,293326.0263321948
5565,294932.5568707425
5566,295051.7403053514
5567,294160.4347519613
5568,172731.89704328138
5569,162216.18806370796
5570,156369.43246254732
5571,152222.7303371558
5572,145166.09448195453
5573,138502.01393569517
5574,135992.54680771384
5575,136327.99943905658
5576,392866.7052305218
5577,496671.7463782109
5578,535143.4383553241
5579,508580.21918722964
5580,484788.85262637475
5581,467120.3118173513
5582,456088.98305576656
5583,447262.28061540273
5584,149497.6135780032
5585,141418.8765816579
5586,145530.39077382884
5587,153542.59749787598
5588,161026.74181802306
5589,167524.5717707305
5590,167129.17828551534
5591,163988.07495363583
5592,51260.20805218781
5593,77700.65468726799
5594,80855.98900119576
5595,73761.5851736429
5596,69316.30590925057
5597,66677.69349247869
5598,63693.88328157339
5599,63199.61786289071
5600,166055.4322109365
5601,184701.43348397818
5602,183920.96560889878
5603,185072.3013989241
5604,186405.67845589475
5605,187463.07888182276
5606,191343.40027145698
5607,192257.9294280437
5608,245363.1401825109
5609,242458.41955740078
5610,250728.7492234629
5611,257698.99712698394
5612,258114.75208172915
5613,254520.76819497417
5614,251490.36947477463
5615,247868.22083842222
5616,392485.91906681267
5617,434260.9280234147
5618,411999.43009151256
5619,372191.8480857855
5620,354174.02639595536
5621,347288.3911489235
5622,338806.40667907294
5623,331046.8818937853
5624,411349.1390752493
5625,413996.81434011774
5626,405974.9384240529
5627,400001.9295455318
5628,387329.7181481528
5629,379316.82998634205
5630,377359.2856843737
5631,372939.78687754646
5632,302311.37181685114
5633,294210.9131132415
5634,297044.6861580532
5635,299082.8618231077
5636,294560.20708253316
5637,285505.90692779893
5638,277779.63234413974
5639,275149.3901889182
5640,249959.94653431268
5641,266515.5114970527
5642,276878.55071040243
5643,286777.6958673309
5644,301826.469438809
5645,319940.9118187596
5646,333961.3706649537
5647,330277.09486725635
5648,235911.06007385204
5649,274021.93099461944
5650,278249.3932045986
5651,269682.2671922735
5652,263431.64108616515
5653,256521.6379928497
5654,252730.8890123982
5655,248792.79444127146
5656,398147.9271013136
5657,387689.17075381154
5658,390539.3249018499
5659,382278.7865102128
5660,376965.66406638734
5661,376776.3227102961
5662,382253.3741372158
5663,383896.52098172676
5664,328017.7113328608
5665,321944.54369065055
5666,309556.3150942713
5667,293423.20621656376
5668,288480.62568149203
5669,286757.6991928168
5670,289421.1267644655
5671,291549.7809992824
5672,133747.2943960404
5673,146355.7322219609
5674,148908.01941461163
5675,148601.57538183255
5676,149676.54081100217
5677,147472.2719127363
5678,144136.65983956723
5679,143805.4649170341
5680,123607.8600693834
5681,192148.5700064261
5682,216424.58374070207
5683,211114.76290637176
5684,205493.86012718262
5685,203715.3753228404
5686,203796.19742572788
5687,199851.7034494381
5688,149145.28983363963
5689,128001.80789934614
5690,122045.46253423797
5691,115310.78316160885
5692,112298.89234780244
5693,110112.1584086798
5694,108484.19735301723
5695,109569.94087180495
5696,351929.0603310019
5697,316859.4963830858
5698,301410.14074121416
5699,293461.9854743967
5700,287704.2758055411
5701,283052.3791538911
5702,283473.84943856474
5703,288641.47459044
5704,224858.8241283973
5705,200730.04956170818
5706,203971.51662286694
5707,208651.82431653453
5708,209603.52210850338
5709,203753.57626704377
5710,201902.52464212847
5711,199998.85426566427
5712,585691.8905246544
5713,556067.1421596236
5714,537811.7281308728
5715,522289.6946863112
5716,519334.1598984366
5717,522672.32330487133
5718,516604.2739673533
5719,512285.3505782158
5720,278833.016866175
5721,334586.54903235927
5722,342507.5305613254
5723,323724.8459365418
5724,308363.605566364
5725,304823.14219677786
5726,303849.0195535572
5727,293008.5004415262
5728,302785.2444005375
5729,314726.9726509639
5730,305369.10648384446
5731,304045.32653789164
5732,302915.65160150966
5733,303465.7982337236
5734,303927.4835109912
5735,305462.3471702238
5736,548890.0665175405
5737,470285.63596628956
5738,405317.8233357919
5739,398512.3312211728
5740,401274.9461914392
5741,403403.1515203575
5742,402008.79005789116
5743,404146.8966532133
5744,220893.6850926577
5745,263180.45427332906
5746,284160.4851297987
5747,284052.83555307734
5748,280365.5215599
5749,276557.8899565682
5750,277926.9052884887
5751,277235.5453825574
5752,351432.8037731002
5753,383638.23892773566
5754,358217.0366124369
5755,325210.44421912724
5756,303203.81887923984
5757,289175.66707327357
5758,277442.3297536813
5759,269245.18061555654
5760,335906.1479885864
5761,341373.0019508241
5762,340957.16389933624
5763,330381.0399559946
5764,328719.83065969864
5765,329501.1372996218
5766,326257.85048019566
5767,323109.7503341435
5768,385503.99160452577
5769,424189.83994147665
5770,432429.66643219907
5771,424934.486386474
5772,419784.2364312307
5773,414517.5916890206
5774,414644.9777573043
5775,415030.12002652534
5776,488292.77729971684
5777,407774.0512900563
5778,376573.79405326536
5779,374728.20054369327
5780,377048.233446853
5781,376032.3131672165
5782,370135.31795252266
5783,367078.0991163076
5784,159850.9819873935
5785,143138.58926099841
5786,119667.37589389295
5787,111868.86149411509
5788,117032.85104927098
5789,123086.1493218028
5790,127173.1490456262
5791,133055.1588212856
5792,264009.99192324746
5793,235439.81790800797
5794,229852.41223382522
5795,228488.49937429623
5796,231017.16310856355
5797,233098.41624720104
5798,234180.9432415999
5799,237332.3497662245
5800,380510.83553712384
5801,382355.37003746914
5802,385846.41051072907
5803,378288.96047573024
5804,367979.7495803634
5805,359197.9366970599
5806,350928.0249556311
5807,345877.2456293528
5808,111040.76989158551
5809,114236.66284849594
5810,128604.64475316409
5811,137484.88587141037
5812,140819.10607169583
5813,139844.4946733422
5814,140050.98562041603
5815,139009.42940954136
5816,330195.6761643021
5817,281816.78032456513
5818,241420.1104147255
5819,224036.1771814109
5820,219970.77917772974
5821,220554.41083901346
5822,221111.83421339095
5823,223661.83108202004
5824,296620.8324381421
5825,294514.62308075465
5826,301140.2568949718
5827,309157.81966933067
5828,315385.5493720375
5829,322861.7913265289
5830,326145.417047378
5831,326519.1625843454
5832,189883.27241124347
5833,243201.09365096194
5834,268730.0668516859
5835,271315.13113726967
5836,268398.89062163985
5837,265127.6253545688
5838,267517.99027477106
5839,267952.1968019127
5840,169783.8113741089
5841,208699.8175505374
5842,207787.8362427077
5843,197791.4192521323
5844,191732.327441832
5845,187253.89587436215
5846,181735.84633633526
5847,178266.8873205176
5848,121354.41388301103
5849,116953.01517750497
5850,119443.91001673762
5851,131074.45234571423
5852,142707.61936582983
5853,151598.03615533037
5854,157257.8754780478
5855,162360.89292676884
5856,310743.1998119699
5857,259485.13404265276
5858,224409.01395010547
5859,224781.91941003304
5860,229508.34201895332
5861,230354.53789406136
5862,229132.44671207754
5863,233696.04145229672
5864,141380.41327657006
5865,169650.0933765845
5866,176874.27597421338
5867,165018.42902591568
5868,160168.60930284124
5869,158645.0449857051
5870,157759.1658481717
5871,155948.355439251
5872,87938.90625977668
5873,129001.72408297702
5874,142899.14914171764
5875,141228.67983091305
5876,139288.95070319375
5877,137469.95249649556
5878,133649.90926121533
5879,130516.5635838586
5880,534249.954129905
5881,469976.5559232426
5882,427424.61034791754
5883,426525.259215015
5884,423627.2253743238
5885,419849.03634844697
5886,417562.932607924
5887,421278.79111940437
5888,187593.67142712628
5889,198580.75830561912
5890,198950.04958730424
5891,200927.5855102982
5892,200236.08269164717
5893,198379.8768329272
5894,198749.04320556822
5895,200367.9644991501
5896,226385.74207923035
5897,281999.99385130656
5898,273650.84891184
5899,249082.0469155486
5900,236040.89290660075
5901,224202.72642999334
5902,213603.3701292048
5903,206328.11040424003
5904,354209.35756870575
5905,381127.6582463396
5906,374638.708086131
5907,357857.6522364174
5908,352107.86199672124
5909,351273.69437562337
5910,347738.72855922906
5911,348422.62572262844
5912,133756.45196751005
5913,212726.3209987352
5914,238766.863834936
5915,232842.92463278014
5916,226944.07441679313
5917,228937.8125648395
5918,231456.15345191536
5919,226993.18693612167
5920,245787.72824707167
5921,295778.7784195276
5922,308214.8694439501
5923,304533.4562618062
5924,298091.85960235697
5925,288865.99739792343
5926,282664.11859272845
5927,277859.32119089836
5928,267209.69576465944
5929,315617.51484666887
5930,306170.98128496116
5931,287034.98403732077
5932,276292.6023866826
5933,269365.92928074906
5934,266148.4665559254
5935,259764.12370919477
5936,407160.8377102818
5937,359421.1570060685
5938,331664.58508597035
5939,314377.4593101046
5940,307499.8431335173
5941,305205.5915597887
5942,303960.5561265308
5943,304579.488552753
5944,221523.02511079068
5945,177070.80365211627
5946,174650.5547750671
5947,185791.4646259068
5948,193143.86967864865
5949,196988.8172083484
5950,200684.23669535597
5951,202081.27119204286
5952,541100.1107828363
5953,478464.2112839731
5954,493871.7979882455
5955,519030.8186351987
5956,528830.2775518221
5957,528626.1588091456
5958,529420.4176356236
5959,529003.8838406814
5960,192521.92265131068
5961,160058.70403382112
5962,158190.0533640844
5963,160992.6851794133
5964,167375.31633434197
5965,176079.63621409272
5966,183735.95399259706
5967,183102.75008867888
5968,195392.5224422003
5969,99314.50364415799
5970,83205.95105173314
5971,99212.4385023039
5972,114129.11102333112
5973,123746.49449962756
5974,132413.2569940695
5975,143575.27468350693
5976,243198.75705990454
5977,281190.0518700255
5978,290172.88756651577
5979,284667.76865083014
5980,278315.93795612996
5981,271491.48677322234
5982,265869.88316776406
5983,259782.81909484742
5984,363671.2546979311
5985,448187.40027151187
5986,420778.15502459835
5987,375559.0476408796
5988,355791.3860305267
5989,347511.2553656002
5990,335296.65921944636
5991,330702.9274451972
5992,493882.8200302627
5993,545710.6819533014
5994,551459.096128697
5995,536826.2748913511
5996,520885.0158974882
5997,505680.6508670702
5998,497533.8983139655
5999,490007.12090540375
6000,152704.41718032217
6001,133918.3304069058
6002,112757.7873393886
6003,105206.10965967926
6004,102954.42732233054
6005,104114.0890142723
6006,108117.50241230638
6007,112615.38658364688
6008,404508.33802859933
6009,389873.366811471
6010,404824.6370586746
6011,406711.88373044616
6012,404639.65462411626
6013,401370.11199527554
6014,397997.4580968204
6015,394844.821005471
6016,347794.33103932615
6017,282672.06447864516
6018,218500.155842494
6019,197338.3940086899
6020,191391.49754916775
6021,189528.64920706983
6022,190153.3246728656
6023,194411.15238890806
6024,269400.53167658614
6025,287416.89216824144
6026,294978.55282424873
6027,287329.87994052726
6028,278885.92941968393
6029,269383.9562911779
6030,259223.33781468862
6031,257533.36452815475
6032,272883.9285139123
6033,290491.4408443371
6034,285192.10416112863
6035,274458.2616822675
6036,273327.84239697066
6037,270965.1489652044
6038,268768.6936859463
6039,268376.72783185507
6040,279283.69870529877
6041,290760.54607583565
6042,309801.2783661373
6043,322246.23454942397
6044,330190.9358956482
6045,330167.30766886496
6046,328176.8177271562
6047,330549.9146301493
6048,585660.3651360098
6049,508715.01284186606
6050,487936.42786685604
6051,477772.9779884297
6052,478215.13279929664
6053,470788.8881952397
6054,463583.9754382778
6055,469670.9189177618
6056,232095.7981182909
6057,227734.56140224598
6058,228338.55717616435
6059,223654.5305384624
6060,223624.73880097893
6061,225199.3207665829
6062,224775.75582019007
6063,223764.7171415327
6064,651383.0455284831
6065,599679.0790692652
6066,561497.4651121183
6067,549113.6567274737
6068,547604.7476800429
6069,547998.612032256
6070,551384.4132340241
6071,552509.6273660664
6072,461615.81080415467
6073,512538.5552120012
6074,516303.98816968896
6075,512961.20132321154
6076,502305.7858452165
6077,495585.5170848048
6078,493749.1805228727
6079,496270.82590389025
6080,356192.3982838752
6081,340397.850080468
6082,320587.1024597578
6083,322500.5426086333
6084,326116.6332764665
6085,324131.0162140052
6086,318983.87583209906
6087,318584.7384681883
6088,128087.35776227113
6089,260222.16655732517
6090,329482.3099604724
6091,378133.80321982777
6092,385989.82739180815
6093,358972.7526121558
6094,354596.3361439431
6095,378455.10041137564
6096,363264.0362026172
6097,383090.6957439189
6098,416697.84596640384
6099,429012.65216905554
6100,428987.0638134323
6101,431478.7970396703
6102,436684.1622234942
6103,436638.01945738174
6104,332397.8641039708
6105,397457.4771856393
6106,444695.8910001472
6107,454475.1842530856
6108,456806.6339031224
6109,448855.4607583359
6110,441306.456958897
6111,437231.9083249205
6112,380572.8426570552
6113,421868.85132767045
6114,419017.75026521937
6115,407561.5051083812
6116,400695.78174485057
6117,387710.30395200354
6118,380767.73018933774
6119,383728.24306080205
6120,400703.7759057515
6121,422532.6119279806
6122,413624.5940221262
6123,395692.9465381143
6124,389616.22098473815
6125,393400.98794695176
6126,398768.3686523821
6127,398281.44526803767
6128,308040.636483308
6129,261771.90905998295
6130,262302.39967482793
6131,267279.16937813343
6132,270460.27298717666
6133,272885.0974523794
6134,271869.48993626004
6135,269072.8542561987
6136,219948.66238915746
6137,204465.72934433195
6138,211395.82875360164
6139,222328.992456361
6140,235915.01893541735
6141,252063.05943704047
6142,259250.47001810162
6143,260662.10182202153
6144,103925.52034543519
6145,185067.45894348345
6146,201865.694084637
6147,192687.01493684578
6148,186372.3076628402
6149,182318.99111779718
6150,180405.35801805634
6151,171136.69098415677
6152,216274.1618808363
6153,248846.80584805322
6154,260874.17911001033
6155,265251.4578057869
6156,270092.67225471477
6157,268840.6886168119
6158,266457.8921413856
6159,264857.74230613
6160,267703.6449075485
6161,281615.2476740299
6162,264793.2287179188
6163,258160.43175252393
6164,256145.32874544404
6165,257842.11486364482
6166,255118.76937896764
6167,249218.5880180021
6168,187920.9021365014
6169,179713.93086678535
6170,185134.56311092904
6171,207219.2981891338
6172,220010.71770855933
6173,218961.8387805284
6174,217177.9000536604
6175,213942.63631306548
6176,124655.13541666933
6177,216036.49676167406
6178,261467.15785831903
6179,264162.85850391525
6180,253977.74437028824
6181,240422.06236250125
6182,230243.21140123258
6183,227594.71100751392
6184,309963.2246903367
6185,340876.2325755224
6186,355669.0900912785
6187,346559.3200543409
6188,334316.8427758475
6189,320479.27816177113
6190,314266.2706304351
6191,308116.65003352496
6192,89995.93871549645
6193,122104.49927916573
6194,142761.19960822858
6195,148816.60154690084
6196,151963.6276284003
6197,157830.6006211844
6198,162442.65512488526
6199,158212.18714401152
6200,599780.3208962537
6201,560910.7090527544
6202,524856.8203766383
6203,511307.7749638766
6204,501399.8458020423
6205,490715.66171355284
6206,482226.9035319837
6207,476898.43753812916
6208,393479.4690505981
6209,427525.59641649306
6210,430415.0297057346
6211,420164.8614836149
6212,413077.3979413555
6213,408253.56752201606
6214,404165.86604364973
6215,406635.50900599285
6216,237225.7169419995
6217,271242.7421966201
6218,300594.5947727307
6219,306312.3261244898
6220,298927.6431472546
6221,283287.32412434614
6222,270508.1850350617
6223,262567.5673271039
6224,242916.7941893803
6225,282856.7087603368
6226,278113.3040604274
6227,252422.03188999245
6228,238871.31365858892
6229,235304.1720444575
6230,235559.97110901505
6231,233211.97091461573
6232,418680.76186853
6233,412051.3062006933
6234,385542.5315390907
6235,380475.2728095299
6236,387369.06702807586
6237,395803.2804272695
6238,396594.8616289197
6239,396234.97043767234
6240,224682.0385069186
6241,327327.52898426185
6242,332707.5637195143
6243,300322.9067131699
6244,285860.34178910014
6245,280354.54001569474
6246,274335.3463373289
6247,273669.7254027907
6248,326306.69584122876
6249,341631.0381114804
6250,353796.7636630868
6251,362032.57584045746
6252,364082.34328874515
6253,360830.03787118266
6254,361512.3706131172
6255,365781.0327203538
6256,561063.4162632048
6257,548303.3277874023
6258,518537.5449307671
6259,492102.9779836716
6260,474777.0834245261
6261,460781.1309269591
6262,454206.4751081119
6263,451745.6170955755
6264,277838.95537892426
6265,360267.291945072
6266,403525.81692501984
6267,396493.7073353261
6268,384408.94436996704
6269,377157.32550691074
6270,373159.6205431128
6271,364837.7104867441
6272,219385.9966388069
6273,217010.72977399424
6274,244664.15321573752
6275,259766.42036911813
6276,267902.3825453116
6277,274195.06001486507
6278,277252.8289951121
6279,272096.84386988735
6280,21222.101237068942
6281,35829.22398098174
6282,41855.179319961055
6283,42031.237034983234
6284,40775.31621088635
6285,37068.9101400169
6286,32300.659053024137
6287,30720.778966705955
6288,280607.9260260005
6289,348001.5836995172
6290,344629.79794019304
6291,323771.9699318466
6292,311753.6561883045
6293,308149.28293806204
6294,305067.7462439918
6295,299469.7064882533
6296,179570.54378231877
6297,171574.9324306418
6298,185532.36599915498
6299,189788.7305305248
6300,192513.91249364972
6301,191616.93236374325
6302,187674.03418566566
6303,179886.88135016174
6304,210233.4580135889
6305,239572.73085180338
6306,270947.33290299954
6307,280735.0779937092
6308,282993.46668573783
6309,282585.55827384593
6310,283239.1827077031
6311,278882.2024420778
6312,86215.06866050526
6313,83240.16792726016
6314,86715.62942270466
6315,84786.61193980312
6316,84011.49954400162
6317,83376.13996507853
6318,85017.85811068176
6319,86438.08133140125
6320,167859.65767786567
6321,150913.99526281306
6322,131787.8135582193
6323,127129.2551551045
6324,125557.62076163525
6325,124306.86708744615
6326,122110.55231378914
6327,121604.83852235245
6328,25080.761736185
6329,50725.55903899443
6330,57286.43683073722
6331,55315.05840462382
6332,53148.615251331474
6333,49962.25947670831
6334,46979.7219239127
6335,43559.96877491567
6336,288919.66932518536
6337,336409.35612508375
6338,342913.780943281
6339,336652.3056617245
6340,328907.1398304079
6341,320700.3626541208
6342,315846.6753293221
6343,308543.9523927741
6344,324115.0146049121
6345,353309.9662989253
6346,361519.0710486586
6347,358212.03074264043
6348,355186.45735553757
6349,353692.1398801885
6350,351887.2136229607
6351,336382.8532661022
6352,325972.94302533125
6353,377309.2467641921
6354,370508.88443136687
6355,351355.0475163976
6356,347551.65170766145
6357,343660.6858732059
6358,336454.2043127085
6359,327825.12749250024
6360,596732.3425641393
6361,616592.2269954244
6362,596868.466473673
6363,584421.8795328184
6364,573265.8846959742
6365,567593.6332920243
6366,564358.2303927158
6367,560873.6335089572
6368,259478.6495766749
6369,254517.2136354197
6370,250218.4544234572
6371,240354.17575049985
6372,238966.2087053742
6373,239872.4102397275
6374,238205.14653750975
6375,235514.4459710424
6376,288494.41124000604
6377,208941.94054244028
6378,180505.84889353212
6379,178236.1553237258
6380,183802.77152277983
6381,191558.7615867497
6382,199209.63803288303
6383,200075.23825924762
6384,319804.45302241016
6385,327467.7631520025
6386,314589.619324759
6387,304340.48155679856
6388,295675.1155894331
6389,291490.1195832186
6390,286197.4946526272
6391,280053.4502665717
6392,386859.058322861
6393,382963.6683319337
6394,350435.0245525637
6395,326185.66839370114
6396,316161.90045742533
6397,317451.8345226446
6398,318623.5172914626
6399,318733.7764840044
6400,253854.78475113568
6401,351061.74912505946
6402,390175.96970338025
6403,403770.3513505252
6404,408579.7693131529
6405,411735.60420601605
6406,414779.9509838806
6407,413827.32438438095
6408,99684.96254445927
6409,146426.8342966414
6410,150791.52778394875
6411,137557.89026014757
6412,135721.16942708488
6413,137118.00978075084
6414,137447.79774865796
6415,136301.32188407803
6416,250389.55152451416
6417,235393.103249163
6418,256107.9227279756
6419,259102.88585792814
6420,257299.4228527755
6421,250605.98720193235
6422,246370.49068653706
6423,241841.00504005514
6424,231725.21516956575
6425,256605.81343694992
6426,273357.9592447336
6427,282942.55208588997
6428,281005.54071910796
6429,272079.75156459096
6430,267425.266418568
6431,262697.58340850146
6432,273004.9360685209
6433,180372.83499458013
6434,149961.98054609628
6435,157065.6547822407
6436,168372.78726895392
6437,178354.45910915954
6438,184140.9493841327
6439,187425.26540010108
6440,253436.0801670056
6441,286227.23156013794
6442,280630.46620923874
6443,262656.7507334258
6444,252174.41384162736
6445,249332.5807130748
6446,242144.6347752925
6447,230953.82895065373
6448,87821.18699746908
6449,91366.41276586417
6450,97500.02687981457
6451,99516.20985125448
6452,102650.32408252673
6453,100834.89657249977
6454,95886.74216712656
6455,95695.808446623
6456,363788.2396990954
6457,358197.410240415
6458,353893.89785291586
6459,345293.3439383101
6460,338447.3361018923
6461,336487.02131150645
6462,334261.8907172752
6463,328916.45482904906
6464,437177.1603287933
6465,402621.9885080103
6466,398767.9192242024
6467,402927.4864531734
6468,410756.70376973867
6469,411430.2265712388
6470,410445.20596866857
6471,413282.7959340785
6472,387984.5746367575
6473,338483.8848993611
6474,312710.33378254756
6475,311093.2687917527
6476,313893.68755582685
6477,310429.05597745726
6478,298060.4501695889
6479,288386.89737322903
6480,328568.7545742313
6481,308883.3508314318
6482,322451.59433370683
6483,341460.0052714131
6484,350778.12292228243
6485,351031.88585655333
6486,346751.9639594633
6487,345797.7283111004
6488,251711.72990448703
6489,221620.76482057653
6490,213549.44444158257
6491,214804.03983799004
6492,216923.95097522959
6493,219491.2854312249
6494,220719.37094079514
6495,224330.58644199764
6496,238151.36867656917
6497,244481.72549781398
6498,224535.48325575914
6499,212073.48686138802
6500,206602.42836612865
6501,201358.855185025
6502,196591.43349504448
6503,190335.19201954268
6504,437672.3904690627
6505,475820.6871996543
6506,471102.0445955694
6507,460523.5050881596
6508,450034.2917296437
6509,441927.170062065
6510,442584.0803013992
6511,440194.7171155736
6512,275206.0263668486
6513,269155.974034814
6514,296696.34457215713
6515,308980.8249721441
6516,309320.15410371614
6517,307486.3918016415
6518,310939.68178334646
6519,309259.42974875827
6520,635885.58939702
6521,653431.6377322632
6522,621995.3123571642
6523,588900.7859861576
6524,570364.857708324
6525,555253.5230177385
6526,544868.742768018
6527,542618.4260576125
6528,214418.33257872658
6529,276595.4720844371
6530,279572.1044486497
6531,264257.7158313122
6532,250317.6956817283
6533,236887.52212916358
6534,225774.67310158792
6535,218537.21167894173
6536,257783.14142819695
6537,287983.6669507018
6538,287704.98084358126
6539,278426.51964840636
6540,273294.1512749082
6541,272031.7850500996
6542,272535.27678404126
6543,269784.4555181922
6544,344855.1129399546
6545,375561.4294133399
6546,379443.253869299
6547,366575.5782029569
6548,365252.9794947689
6549,372064.51615626406
6550,376397.73520024965
6551,374633.0345674431
6552,172486.42547517153
6553,165167.7970264891
6554,153745.637457143
6555,152266.3961906241
6556,150394.97202709859
6557,145712.247215222
6558,144359.1668538731
6559,146431.00158699392
6560,239896.03632035435
6561,331467.12572557654
6562,350445.91667535226
6563,338906.6067086506
6564,332619.74335361173
6565,330578.0691586085
6566,325765.4506146137
6567,321213.9491252125
6568,134666.6611203036
6569,164243.44211508913
6570,188299.05349776795
6571,191934.04791227786
6572,190402.1403489252
6573,187582.75947643735
6574,185969.3287811603
6575,182698.68060412712
6576,257262.6407006883
6577,299585.37034327065
6578,295346.2798955268
6579,280338.4226965655
6580,267456.633368424
6581,259851.5607335863
6582,258167.6802588489
6583,257619.44510560588
6584,349757.57692336536
6585,391909.34802058653
6586,395870.1748278493
6587,373425.47883866425
6588,356986.95666673
6589,345412.03116895247
6590,339193.11426617287
6591,332411.12283657445
6592,214903.0655154905
6593,218874.6140522145
6594,219801.31613494374
6595,220531.0708749059
6596,225512.06855685991
6597,228582.70826746608
6598,232909.4365796777
6599,238509.64510232816
6600,154076.61413977144
6601,184080.3620107134
6602,196827.060231119
6603,189950.23870022505
6604,182982.11028079246
6605,177151.15100058363
6606,172745.4473590666
6607,173237.39557904762
6608,365704.1776901375
6609,307590.3188067247
6610,266856.2505718912
6611,244654.34882049236
6612,239158.22584227638
6613,239344.79750896248
6614,237997.1008282835
6615,237253.54760860093
6616,437624.0548891438
6617,373395.14938174066
6618,367641.49527366273
6619,379510.0010778184
6620,393680.1648068557
6621,398360.5537623748
6622,401807.4546335699
6623,409902.77931006346
6624,176360.41987341462
6625,224244.50067698388
6626,244332.81979293554
6627,233551.48411899013
6628,215199.0221698987
6629,192470.31704880088
6630,182899.76855733554
6631,186126.75554757478
6632,262608.4643323829
6633,316787.5992501112
6634,310776.20081821346
6635,281438.24089654064
6636,272417.2842740416
6637,274685.77319363825
6638,271817.0219661762
6639,264638.09953291726
6640,406680.42864356283
6641,446854.85981572664
6642,440740.77421728376
6643,414878.03534136084
6644,397047.0664438424
6645,391463.3964034009
6646,386834.9564101055
6647,381506.7902378957
6648,550373.0320090917
6649,537967.6627030581
6650,529018.1410771626
6651,505874.9008081616
6652,484536.0679254492
6653,462739.5698170215
6654,445834.79218174715
6655,438024.65272555116
6656,314625.25785193016
6657,337961.1838008452
6658,336716.06758430705
6659,333536.1187645899
6660,327350.72567320167
6661,323735.6800903095
6662,323466.0981802223
6663,325166.7114568687
6664,83665.21103671892
6665,103753.99142154268
6666,108889.52977268666
6667,115254.70943192509
6668,114760.05051648978
6669,109886.28995763039
6670,105309.1655169793
6671,103795.78038499874
6672,564063.2671701338
6673,518862.5536841671
6674,500581.1757570006
6675,493394.9632029634
6676,473551.1419812228
6677,454083.36253322475
6678,441995.367374043
6679,429489.5988122148
6680,283856.39262730884
6681,287058.09662832285
6682,298929.7547706604
6683,302725.77232801024
6684,301293.46732727037
6685,298085.98904870375
6686,296765.55067166494
6687,293715.67038056004
6688,808702.9561451616
6689,711148.9129393647
6690,612200.1891778506
6691,604458.2012694754
6692,600476.3248323493
6693,601959.4675465128
6694,604673.0071631721
6695,606179.6158268952
6696,571951.5453455504
6697,525007.5051197328
6698,470841.0123086198
6699,452054.9019266598
6700,442445.69573459774
6701,437108.7940052133
6702,430533.9699913347
6703,424039.1211813964
6704,353163.32185539126
6705,299898.1963360665
6706,313601.95284048363
6707,340141.01272282924
6708,355516.6165388876
6709,366603.67946214724
6710,380428.1226151977
6711,388384.70314824
6712,322228.9303080998
6713,351991.34681430896
6714,363751.7173221747
6715,356523.30857500806
6716,353192.1514837692
6717,348020.39943179674
6718,340580.19936621643
6719,337881.23445309163
6720,269867.7813375052
6721,153622.42477956036
6722,107217.42050524213
6723,118666.85859998089
6724,131500.08748143696
6725,139836.35604955486
6726,144968.47145340944
6727,151249.76607628725
6728,368056.7656574291
6729,484789.3830365089
6730,517628.1874771365
6731,508841.78296489234
6732,496523.79778198514
6733,480878.8523322283
6734,473120.47118079884
6735,470862.2606353532
6736,448233.13736074005
6737,398978.19610327424
6738,348628.99504810624
6739,337821.91865682515
6740,339072.39867838204
6741,351565.7099821548
6742,353791.10252120055
6743,348474.25746762514
6744,26779.244108528714
6745,58914.23004171904
6746,76793.09846758086
6747,76506.7933335253
6748,72928.24631697754
6749,70201.67944895086
6750,71733.76003013979
6751,73837.36434132766
6752,443906.1068488
6753,349776.6672461096
6754,296454.3897049489
6755,307581.8648528753
6756,314706.7462490897
6757,314243.44471756916
6758,314081.0308565117
6759,316975.27902977366
6760,192881.643429893
6761,257773.21949209354
6762,247356.01816673597
6763,212320.07515466493
6764,191560.5850623452
6765,180677.918347753
6766,178070.37219964163
6767,177991.75825350906
6768,580288.6423626789
6769,559053.4862946151
6770,549690.4621045421
6771,550700.4322117532
6772,552571.4498200818
6773,551944.1555132736
6774,554274.8458433647
6775,552090.7138173786
6776,505997.07468838326
6777,483353.523592485
6778,466970.94051329244
6779,459293.42651807173
6780,458872.3101599187
6781,461426.11860282917
6782,465710.40737707866
6783,476226.5495969837
6784,170131.09723668432
6785,202901.18490606424
6786,201618.68979045522
6787,187632.0037746029
6788,177793.36475866416
6789,174343.19981743276
6790,177146.66152940487
6791,178866.9545605505
6792,199028.56584180173
6793,273802.9019678436
6794,310598.77428533195
6795,314985.3197620168
6796,315938.7491807139
6797,317122.0392259973
6798,316720.4291217174
6799,308019.15172979987
6800,264345.1667030072
6801,241786.70693070831
6802,249640.75864759993
6803,251856.54195167232
6804,257167.26249584227
6805,266249.82299991784
6806,267142.21783482516
6807,264140.45320388034
6808,167317.4518181032
6809,225547.20570743852
6810,271467.6913789333
6811,285554.33258711494
6812,283561.60553157586
6813,274471.989820378
6814,273441.05097363424
6815,272248.17370180297
6816,163142.30139861113
6817,144026.59917499343
6818,137867.98484804746
6819,149032.16902811354
6820,155260.77542018803
6821,158934.8793505935
6822,158135.3616732132
6823,154847.78660696797
6824,319363.95827832795
6825,306458.22709374997
6826,289194.65331455483
6827,298132.4065108078
6828,307966.4245442409
6829,318312.6972897206
6830,325148.6711046405
6831,334118.6891091305
6832,201379.992088319
6833,158133.21784429852
6834,153945.26784527762
6835,166741.95078731404
6836,171454.39745571782
6837,171842.24892765124
6838,170905.82779822708
6839,166591.42380245245
6840,309873.64907618717
6841,237920.81362412483
6842,195923.7303523905
6843,192898.07033226147
6844,199036.53961525785
6845,204953.5609266677
6846,206681.32448482537
6847,203400.62145206408
6848,295123.12924285745
6849,298386.7140534148
6850,289782.42071225226
6851,279599.0563482411
6852,272270.47348391206
6853,271053.72239527974
6854,272500.01286672626
6855,266913.5880067388
6856,465618.19459297974
6857,473520.84455991746
6858,458585.50237733894
6859,436732.66278063296
6860,432568.6996477328
6861,428317.6158646166
6862,426400.7278113471
6863,430882.5579454755
6864,510185.56830061774
6865,612636.7777848233
6866,601741.8704619228
6867,548648.6326897016
6868,511737.5952590242
6869,491240.8863090321
6870,476636.11929756217
6871,464243.30414345063
6872,274640.16022239544
6873,321923.2672147072
6874,327971.61197121214
6875,325804.3106311648
6876,324093.3958469244
6877,320183.9729194939
6878,314997.9805704461
6879,309305.7955469306
6880,259475.42529912133
6881,223343.60685907328
6882,208242.3970241038
6883,206763.18384203114
6884,208761.58830817183
6885,213786.55169532445
6886,215881.71161663378
6887,207389.50329313145
6888,259844.2731228174
6889,253570.61596505664
6890,253193.8092654782
6891,253937.49438950536
6892,257653.05630613325
6893,267092.2884455109
6894,274875.71991368005
6895,277880.00561316346
6896,106132.08300606196
6897,113033.15361031695
6898,107627.5033302569
6899,107928.69953516233
6900,111341.12597945522
6901,113161.22502772388
6902,109180.55682805943
6903,107320.69931489226
6904,385024.6643435892
6905,331818.6680824989
6906,312630.08302289434
6907,297879.1780914252
6908,291422.9846028256
6909,287738.7014240037
6910,281760.4535020582
6911,279236.60596568475
6912,235139.00497968285
6913,250409.0545907767
6914,251468.24783064754
6915,258497.79985638018
6916,262393.3277741624
6917,257938.58960859088
6918,256437.97786854592
6919,257576.26139040128
6920,267626.1881137737
6921,349602.51758442336
6922,345230.72645369574
6923,309536.6438707385
6924,283550.88205838506
6925,270287.3592795491
6926,262275.22435442836
6927,254048.45039281683
6928,288966.658164854
6929,295961.227606087
6930,301844.91061991185
6931,314119.899461015
6932,316012.23456164484
6933,315976.63381513924
6934,322070.6990996337
6935,321225.0029623923
6936,193638.13220608275
6937,288015.45418386057
6938,328081.88185537205
6939,329118.58538643614
6940,322669.9637471562
6941,313112.7862640242
6942,303142.0617848747
6943,296763.2362221287
6944,372119.7156487478
6945,349407.3374341794
6946,364354.5094605967
6947,363567.56536933035
6948,360971.00372496597
6949,360160.89566054207
6950,357850.86940559675
6951,358579.62667320657
6952,173327.56238861976
6953,173598.9177310864
6954,166765.14355052257
6955,160962.6918009608
6956,154694.42959650166
6957,147007.19038182902
6958,139593.95910039614
6959,136372.36422579316
6960,360528.3905379191
6961,343364.39110534085
6962,331555.4178254769
6963,327469.3995108217
6964,329927.5115492685
6965,338949.680566136
6966,346208.04658100475
6967,344056.0657369934
6968,231679.16285521118
6969,205821.89489431656
6970,201720.10607494778
6971,206282.23971804907
6972,211288.717256381
6973,215611.92558232386
6974,216612.6477575277
6975,215429.8493115363
6976,71338.91317893524
6977,93299.04647473869
6978,98908.12100309262
6979,91820.48877897864
6980,89037.96333993349
6981,88868.02591688425
6982,87351.35119636421
6983,86552.94279818906
6984,236547.27427198167
6985,292437.7832937519
6986,317945.29406908347
6987,329375.4740584481
6988,329930.7807089089
6989,324952.6732371596
6990,314671.74326610705
6991,307434.1642577434
6992,299888.7626799534
6993,245484.00444261695
6994,233577.78133760596
6995,247672.1463346685
6996,253645.6542230064
6997,256090.40574311654
6998,256877.49226220715
6999,257956.63788751632
7000,271123.3681284389
7001,268242.3539176845
7002,291154.30534051324
7003,301446.27687498485
7004,305573.6000273677
7005,305796.5940029567
7006,301397.54401825054
7007,302597.6247480341
7008,339588.85897407425
7009,292678.8981192943
7010,250866.78311842994
7011,233288.3612273041
7012,222648.57308652895
7013,214686.17935427255
7014,208668.26361183653
7015,208847.87610736888
7016,273411.05425388174
7017,258671.39724651602
7018,251311.73420991693
7019,239997.68168455153
7020,235442.54420383557
7021,238957.47673514602
7022,242238.6460327208
7023,239479.36892116512
7024,220981.92852480354
7025,214089.1345525688
7026,212366.9697194171
7027,210763.65854308498
7028,205572.50869679876
7029,193508.66280066688
7030,182397.71105570017
7031,176895.03963230812
7032,200166.72211768804
7033,226750.85945226345
7034,228069.08095573183
7035,224063.27592932555
7036,228147.28252398432
7037,233380.60970842352
7038,236736.51555236935
7039,239513.61976245366
7040,168685.82483353704
7041,180487.138058973
7042,192671.34726907028
7043,183732.36910456847
7044,181664.8098124677
7045,181408.52810748987
7046,182680.28389689553
7047,182352.1631034022
7048,217926.70557529773
7049,189166.3429778652
7050,182370.91255764017
7051,188792.06334904558
7052,188296.7176807918
7053,181572.6594500314
7054,180143.33448037726
7055,180174.3718916359
7056,205535.9552826297
7057,170310.7027218232
7058,162784.64976382948
7059,157367.92844978388
7060,162583.87231484757
7061,169676.26190254226
7062,169337.8948161397
7063,168445.0270520507
7064,389460.2637145995
7065,383289.79736089904
7066,370075.13570594846
7067,363836.3791435262
7068,355262.83409615676
7069,342718.4841233579
7070,334169.4964727956
7071,324961.7995820609
7072,166817.7203941145
7073,207328.44709569638
7074,215272.6664762519
7075,208259.05160836002
7076,198911.38576617796
7077,193419.26786361414
7078,193775.17841146537
7079,187565.41387731442
7080,202502.44798602938
7081,209323.9838534993
7082,219163.9205525243
7083,245796.90831570365
7084,260479.01604053314
7085,263357.91994064226
7086,261255.22455368363
7087,256321.1349698258
7088,239768.26339721447
7089,170106.76968039782
7090,129904.9291550194
7091,123152.39432711253
7092,123075.12825313048
7093,125418.03765393869
7094,130224.5756691574
7095,133683.26293662828
7096,223035.6599977566
7097,288137.3718857731
7098,296712.83316503244
7099,279006.3907399983
7100,268197.04432295816
7101,253808.39576756617
7102,243926.8698784734
7103,245649.60247284657
7104,172332.47300767794
7105,146995.36386180838
7106,146330.80729883234
7107,161326.90856467446
7108,175654.1878294757
7109,185538.3296965058
7110,194861.2704325529
7111,204636.3930303766
7112,514062.812672616
7113,474843.2029538029
7114,430465.3090683789
7115,443886.5055150313
7116,457207.9176157524
7117,457349.69835680776
7118,451692.5554911093
7119,445680.0127214609
7120,113315.28962580653
7121,140992.74340216757
7122,154737.37549847984
7123,157921.78917940927
7124,157945.36790624406
7125,154464.5454733775
7126,152824.5646619011
7127,151509.49459427412
7128,204234.63749972827
7129,174429.7705244266
7130,156801.00651530296
7131,150273.98725178427
7132,145759.90008751408
7133,144605.2155192528
7134,146083.80382415536
7135,147213.03738646017
7136,449025.0039692753
7137,442174.3319715143
7138,433608.9846529614
7139,418783.1619343312
7140,410524.0189079289
7141,406589.37448964326
7142,407027.3472716601
7143,404367.33103095985
7144,181751.97702819272
7145,228336.90648977994
7146,239017.91816837754
7147,233233.86885700136
7148,226112.398856677
7149,219802.59387916088
7150,211066.5748017445
7151,204268.53255934885
7152,254798.0779287555
7153,302891.4324463047
7154,312619.28882188344
7155,301708.82870800735
7156,300958.1534060599
7157,303275.58187345124
7158,299906.7426095762
7159,296765.46916228277
7160,305859.12675784295
7161,315603.798610824
7162,334737.9851210055
7163,364669.54232482286
7164,384127.8462161629
7165,390928.01348817645
7166,392433.49977359606
7167,393317.0628742152
7168,421894.98202078865
7169,386898.61841048824
7170,345379.769731526
7171,324371.59749903
7172,320834.88385619875
7173,324691.9742794794
7174,322274.9392212697
7175,316454.7509195376
7176,261616.60723140722
7177,333383.2598099838
7178,360909.6376042971
7179,349013.2619082874
7180,336576.8463858252
7181,321161.77109611535
7182,310545.66024781467
7183,308834.33492915187
7184,132549.28888901244
7185,128055.68164463528
7186,139623.7329934
7187,146966.84476867123
7188,147032.54520793713
7189,143220.28731297975
7190,141702.75039813016
7191,142095.70390434
7192,44573.988788485934
7193,60635.470462060184
7194,65520.23923589889
7195,64945.19239103369
7196,66670.85221461431
7197,65759.39487874866
7198,61258.22925680154
7199,59441.577413144085
7200,521788.62951543264
7201,598995.742450522
7202,609175.0454729812
7203,572603.4131988722
7204,544054.6319431732
7205,528233.5090930893
7206,524015.86553658335
7207,525554.8066272334
7208,257166.5187059777
7209,215775.927406558
7210,211389.670701516
7211,232362.25764016848
7212,249813.69578023307
7213,262365.3745004786
7214,266957.6197733696
7215,269904.50915692025
7216,154703.89406680033
7217,178097.72646336525
7218,186357.47134829487
7219,189293.5655446474
7220,193185.75027296555
7221,194193.6041882956
7222,194026.32286584377
7223,198099.00075378214
7224,365638.15235633
7225,288237.05842878367
7226,266438.1434180645
7227,281703.4966262115
7228,292395.8196323742
7229,297163.44565987046
7230,296821.3053580866
7231,298053.0641622013
7232,235341.4229547084
7233,221991.21030890802
7234,203251.00050713518
7235,206789.6192096016
7236,212285.53700876352
7237,213913.88696138322
7238,214114.2860872943
7239,213691.36543398502
7240,180677.59175087104
7241,185700.2192131236
7242,204690.66567143938
7243,220992.2294979564
7244,226810.56095121495
7245,222032.19296248833
7246,212286.77212977267
7247,203835.23287194705
7248,192398.10703730822
7249,259858.0522704831
7250,281302.1219678843
7251,276484.9792730993
7252,272449.1654009419
7253,262924.9389113212
7254,254106.0684256662
7255,248283.29081191006
7256,296404.68855250615
7257,261655.16744783046
7258,229609.35890242548
7259,213649.6827741815
7260,207648.9298479912
7261,207096.4081229992
7262,209348.14937652377
7263,214354.56185003524
7264,276582.34537413606
7265,373133.02891334647
7266,404201.98567399394
7267,379050.18977076863
7268,356959.52429249405
7269,341860.8667290555
7270,327831.8740636811
7271,313821.7361906031
7272,300936.26238544943
7273,306723.199599162
7274,295684.7562596002
7275,294891.15375107434
7276,301217.5422492314
7277,302443.46349755436
7278,300805.3622019984
7279,296078.6449109149
7280,275080.7244932201
7281,297403.3691933992
7282,295799.91637946246
7283,293925.63660893653
7284,292619.94565849437
7285,292367.4682007004
7286,292433.90916836984
7287,290370.8897465403
7288,164764.16579455612
7289,154710.34568121826
7290,168961.3852327158
7291,182916.13185385946
7292,186150.5049422351
7293,185730.51505062787
7294,189847.2021797205
7295,194884.4608893178
7296,219738.60239183396
7297,271422.12508421973
7298,285203.29899411934
7299,271555.1194169696
7300,260399.8416974086
7301,252353.89679174492
7302,245074.25562244747
7303,243319.40670662725
7304,1885734.1078870175
7305,1786917.1368881864
7306,1779305.002821364
7307,1789865.8588386138
7308,1813240.7568387378
7309,1837490.5969753996
7310,1846396.2368392663
7311,1859163.634116521
7312,183161.07051825637
7313,157723.2316516317
7314,157923.86631244834
7315,156455.92267793822
7316,157481.99795758398
7317,159393.1313615441
7318,159617.17601382494
7319,162788.15321022124
7320,234503.44587263343
7321,227214.5406018311
7322,216451.02680324603
7323,214541.48155969166
7324,215281.74392520843
7325,215091.7458927461
7326,216857.81710112252
7327,217328.16596090887
7328,234680.74546397457
7329,275719.68266339146
7330,286356.53721193876
7331,282516.1775980326
7332,275926.8129506057
7333,272019.53700256394
7334,268985.64834212326
7335,262155.2760632017
7336,178627.82540597804
7337,203982.11698047555
7338,210257.59775283973
7339,206981.74016305408
7340,209179.94467218753
7341,211880.73166507995
7342,216994.95790838555
7343,223951.97256457212
7344,114075.83885617391
7345,133310.98355904425
7346,135838.99533104137
7347,131753.89694885485
7348,126950.08185672533
7349,120122.71091115449
7350,118777.35888773756
7351,116727.04470775221
7352,275199.60936717654
7353,360400.3987716855
7354,379291.6315855598
7355,356951.27701810456
7356,340155.69538747205
7357,327160.9819854879
7358,318661.97470629285
7359,314967.8118153331
7360,469344.2679817496
7361,429907.3056459574
7362,376626.8063344259
7363,350750.52036706987
7364,330802.9976553246
7365,317968.09365162055
7366,309512.234424169
7367,308925.1116810978
7368,50392.08739911849
7369,93239.80306434043
7370,107536.97901273178
7371,104979.97820606158
7372,101388.87179081509
7373,96615.49815390608
7374,92084.42642567598
7375,91125.8670691768
7376,372118.80161720753
7377,323473.03227335145
7378,304261.08541963965
7379,305867.8344107965
7380,301311.3456208155
7381,298272.13249538816
7382,302148.3695469533
7383,300097.3225520567
7384,458277.439618255
7385,468204.63160106144
7386,455624.90476005746
7387,443346.00724566414
7388,435658.1084467423
7389,426360.37431813317
7390,419452.57426402706
7391,414076.21113557304
7392,223787.83794612752
7393,215229.76493375003
7394,223940.7225000683
7395,234533.42144836392
7396,237255.41086020402
7397,236892.72166985096
7398,230489.55151241855
7399,223268.45220244338
7400,80432.76210566968
7401,112537.26768842048
7402,125057.77095563454
7403,124565.63024565639
7404,121172.6627749604
7405,116657.7758921159
7406,114551.41880447743
7407,114374.52303002635
7408,145602.10247484117
7409,148670.51310194266
7410,164331.08494510147
7411,171442.1964610425
7412,176365.84059691947
7413,177291.07715519116
7414,178557.53836035775
7415,183095.62795391702
7416,227883.86279937346
7417,187011.76302346145
7418,172221.12880549108
7419,170520.93906319517
7420,168879.69192265315
7421,171467.1675556489
7422,174340.02440133243
7423,173091.51103441554
7424,356100.7416419756
7425,336881.7408422304
7426,310976.09129336796
7427,298599.52496263507
7428,293567.6384662059
7429,293791.3751664283
7430,295919.1372695192
7431,291516.8487602387
7432,315491.37053976837
7433,299806.31695395464
7434,277968.48651697475
7435,265940.512151055
7436,256972.5378403732
7437,251561.62407011632
7438,246824.59784376816
7439,242567.11413253623
7440,54387.578127828485
7441,108128.84331773972
7442,123184.38851912628
7443,116153.30967069537
7444,104944.30696688674
7445,91545.72133298381
7446,80598.03776773141
7447,73819.1150657252
7448,305802.2329651031
7449,309050.5048303265
7450,302309.1070821264
7451,289663.7615337976
7452,285293.3994044724
7453,288325.54582711903
7454,288248.6217271013
7455,286285.44900584983
7456,450363.71644408826
7457,442378.19318369357
7458,429957.7902205114
7459,414671.1170657056
7460,399721.3803085962
7461,387284.98446827923
7462,377532.074184495
7463,366366.30728422373
7464,221307.1529576175
7465,255924.89332938104
7466,254712.58255726378
7467,254042.22239464417
7468,252586.41370156308
7469,248474.95659083253
7470,244381.35400696413
7471,241333.474400758
7472,175002.44882073248
7473,168574.10344852938
7474,161589.31702032924
7475,151615.27390828374
7476,146141.84497375606
7477,140997.88136407663
7478,136858.8487723742
7479,139027.6315164455
7480,191816.48376436444
7481,225393.16149671198
7482,239203.5349681851
7483,240786.0046972994
7484,236511.8044777832
7485,231229.9838815736
7486,228663.96843662733
7487,227954.47965942725
7488,87719.0862869166
7489,106074.75819449569
7490,107550.59634370857
7491,107089.06512837159
7492,105656.86828619009
7493,101269.0297993366
7494,99935.02652182363
7495,98768.83296295698
7496,263576.59888162476
7497,295362.394507013
7498,318942.2406564812
7499,326496.9023704433
7500,325303.19641138276
7501,320345.49584259593
7502,315539.1254123117
7503,313956.2234337023
7504,239191.4289346747
7505,285934.52228792955
7506,304145.8546739085
7507,305539.59024469624
7508,316730.7733875521
7509,328993.3997817831
7510,337445.4684700456
7511,346004.0180825987
7512,138968.02969729644
7513,178409.04736990272
7514,185222.32375174543
7515,182085.213634471
7516,177181.42868428165
7517,170869.55593627063
7518,169057.23128528582
7519,167638.45658614388
7520,121411.92077039904
7521,179566.7930214525
7522,199372.0463202948
7523,189496.1895730435
7524,175700.7040169298
7525,161480.4237609118
7526,155286.57178387392
7527,154491.26874981646
7528,206271.5365684583
7529,216788.9878323147
7530,227478.93950804588
7531,234070.19000460804
7532,241733.55153849753
7533,244274.13429171115
7534,247188.45039541798
7535,246045.33815925525
7536,164554.8938332888
7537,211750.8155013267
7538,226246.26683329
7539,212043.95309161732
7540,206023.80905761014
7541,203440.21366112557
7542,204066.73287281254
7543,205161.0566345745
7544,202001.88281538954
7545,182236.170537832
7546,181560.87273086346
7547,187314.70605057292
7548,187925.9801644798
7549,187872.8246830628
7550,189764.40937382833
7551,194592.88606174442
7552,369269.6354635782
7553,324575.40830387897
7554,306922.696923595
7555,316487.5917842316
7556,326119.26452822355
7557,330476.37446331966
7558,329083.0718936313
7559,327581.0386522935
7560,375475.93552163464
7561,342209.96480196796
7562,304485.378529491
7563,288045.7124103954
7564,282291.44801512593
7565,284006.40789597854
7566,282968.78258505353
7567,284111.03434388054
7568,40115.82926698995
7569,42888.63273450616
7570,43221.750889646995
7571,45366.68079669698
7572,44036.93615310252
7573,40805.086914032116
7574,38783.311906049115
7575,36452.2569705979
7576,332503.5349236225
7577,345059.85716952675
7578,342517.8589897263
7579,334829.6629457969
7580,331018.1148083622
7581,329059.0521232175
7582,325713.835015537
7583,326025.77648447995
7584,298494.456414233
7585,348858.5346427534
7586,351922.77638209553
7587,331312.1793095707
7588,310765.6590805287
7589,295652.74089904147
7590,288294.9651253396
7591,281031.4807383828
7592,31070.14259799078
7593,34383.50514415337
7594,49568.21440543365
7595,57761.15483938332
7596,59998.85204342392
7597,61420.21125168528
7598,64534.13914974785
7599,64830.85514390163
7600,307445.4129938928
7601,279185.30305765226
7602,282930.86303028365
7603,281944.4727209289
7604,276423.74210048135
7605,267453.824956025
7606,263106.0202511258
7607,260095.7590652065
7608,379627.3480251988
7609,454700.5375750272
7610,453719.51143149403
7611,424090.7831043077
7612,414969.1891118951
7613,412454.89211385103
7614,412955.60372254485
7615,415421.19885857205
7616,213384.07820188362
7617,178782.47359087813
7618,178154.9248021631
7619,183294.92956873204
7620,186106.9550120904
7621,187460.1558017584
7622,191182.63706726843
7623,197807.93180433466
7624,217551.543645774
7625,216622.33232226805
7626,230088.84535637024
7627,239058.5859501781
7628,245947.46117212408
7629,244894.66249454726
7630,244315.95257299466
7631,242404.9313140199
7632,289219.08464207064
7633,291229.5792248421
7634,275165.8981173068
7635,261928.13021693207
7636,256862.1064865733
7637,253974.13658823923
7638,251730.18261475838
7639,252681.0197606721
7640,333756.2999998055
7641,359868.0237600169
7642,370678.9535184902
7643,344860.5366902638
7644,340526.4165899786
7645,344120.3655310303
7646,343546.51799621084
7647,342736.96180405066
7648,501970.34361182235
7649,517265.5667165959
7650,489344.25245992315
7651,477434.7852288838
7652,467074.84014929034
7653,461465.8506491378
7654,463949.70046675584
7655,459176.9433990827
7656,170442.06284701516
7657,212952.66956110657
7658,200220.63272086962
7659,179481.7555447548
7660,161091.46121188524
7661,144232.94556732848
7662,132528.19125237156
7663,126995.90845515853
7664,612658.3370867008
7665,495609.2949977182
7666,446096.47333610395
7667,441515.8115512985
7668,444311.40540389146
7669,450495.3993584334
7670,463883.3880007477
7671,469046.41354873887
7672,218748.73022852285
7673,284324.08217721013
7674,300568.56205537304
7675,290076.87735294556
7676,280804.1172139972
7677,268572.6597571155
7678,262717.9435035473
7679,255903.2622556512
7680,198791.7383480806
7681,221319.76971637958
7682,240179.4611614257
7683,257138.82649787306
7684,262726.92640880414
7685,267577.4729887094
7686,270831.30721087597
7687,264576.2516124732
7688,390030.84320663475
7689,434616.4989192823
7690,434172.5708072967
7691,422793.751232319
7692,413120.1454966354
7693,408623.6067111166
7694,409025.42144680844
7695,408189.4635536913
7696,216022.4551165118
7697,237248.77107701852
7698,221740.150530292
7699,202777.21965919016
7700,192209.42880213357
7701,186750.72136829322
7702,185416.28869027362
7703,185955.20803618743
7704,226588.40484274176
7705,304041.2268589421
7706,316733.02588066086
7707,291000.0496238412
7708,275310.8165118437
7709,265822.94069111446
7710,258416.75310985622
7711,252051.86889955302
7712,175009.17315298962
7713,185229.79507071796
7714,185602.33303148157
7715,183508.96415621642
7716,182418.6303190631
7717,181475.40553871717
7718,179345.94999667804
7719,172400.91741843722
7720,200489.0514689064
7721,318261.31183855166
7722,356441.20833995997
7723,335641.4106038649
7724,311788.9509513138
7725,293598.0619390396
7726,286036.4786766538
7727,280427.4400834646
7728,272008.4876112003
7729,234953.97038816643
7730,201296.5237295918
7731,195130.58959848323
7732,193366.8510955737
7733,194930.36374454835
7734,189611.58488559493
7735,185098.36577708615
7736,420340.32394801575
7737,421663.4495249931
7738,425353.30354123365
7739,425187.8529395078
7740,417767.10071841686
7741,413394.8074101266
7742,406475.4850772279
7743,395863.928446669
7744,563733.3049224454
7745,548265.8519920043
7746,514756.2047538032
7747,482181.06856923143
7748,468707.53252140037
7749,463384.352247559
7750,460096.9011431042
7751,459458.12914271676
7752,62261.44668859974
7753,60271.90629560841
7754,76294.95108299301
7755,84835.3068342625
7756,87257.44463418127
7757,83290.99168432684
7758,78397.3514631972
7759,78068.3300875274
7760,443779.9982654907
7761,514919.6357065054
7762,533174.0164009806
7763,513056.03544455767
7764,495221.46091610985
7765,486983.12463467993
7766,484306.2916940895
7767,478502.8246028379
7768,278307.0482142363
7769,296629.64282645925
7770,281714.7808367804
7771,277875.80843803496
7772,281985.1172589923
7773,288091.4742478237
7774,289891.5107661708
7775,285926.75485340744
7776,298338.2804702387
7777,283314.86198284186
7778,281592.5051092843
7779,285642.6738351617
7780,284830.86590101477
7781,280980.1394104394
7782,276930.03986803937
7783,274642.5346061146
7784,141676.02903059399
7785,170645.2279847329
7786,172407.1906220411
7787,158634.34149298567
7788,148674.21126606088
7789,143779.5952624919
7790,138508.24112810922
7791,134739.449571612
7792,293888.9668480182
7793,300156.0080116464
7794,316152.1796428988
7795,317426.4338593347
7796,313920.57069043064
7797,306738.0999013853
7798,298974.04455120454
7799,295753.67403927085
7800,415879.0236001442
7801,431171.66319044965
7802,441613.5727592234
7803,426105.4848874153
7804,411978.9447014024
7805,403179.77671181055
7806,399623.15781201865
7807,402142.37744257227
7808,390402.4670507157
7809,485435.89557755017
7810,490662.82874635555
7811,460548.03945988807
7812,439340.15565726603
7813,425482.65876917297
7814,418524.83901809313
7815,416835.7194723506
7816,330536.03829739423
7817,284317.9531711889
7818,294508.67903415626
7819,312726.9210759266
7820,320875.4882811089
7821,325105.6995844073
7822,330870.29968939774
7823,335106.6832106623
7824,274962.0751298842
7825,236473.82950533714
7826,217672.13460217713
7827,220487.10924932754
7828,218454.1172230306
7829,210980.35002084472
7830,204480.35460801734
7831,202219.46953447425
7832,425053.47009902005
7833,356278.4432456394
7834,322418.00118706655
7835,318615.2207337972
7836,315822.18057125533
7837,319077.4342396904
7838,323784.3404680061
7839,324518.7762706182
7840,285295.284742009
7841,271755.7264727289
7842,269599.52221709955
7843,271200.00842230517
7844,268529.2258524964
7845,266441.3603746485
7846,268816.9041545052
7847,267008.9309522117
7848,251493.47389530472
7849,341337.46641807805
7850,384276.4402282361
7851,381056.62121833075
7852,375361.1559472573
7853,371318.17039106344
7854,372113.7444553264
7855,372889.47365062835
7856,285281.6656324574
7857,319453.2821348015
7858,344300.1981815406
7859,344583.9823912905
7860,340399.3129314684
7861,337621.1201238446
7862,333753.7158232515
7863,329957.3540521616
7864,267385.2429056028
7865,263023.32095687476
7866,258900.1511905207
7867,262634.7133234075
7868,263916.47486332693
7869,261632.03053848847
7870,257940.40684313647
7871,256323.85054817615
7872,184911.2195728969
7873,147898.40347376416
7874,135126.89685827526
7875,141411.96801373758
7876,147353.37173471495
7877,151604.73248771558
7878,152429.66153764146
7879,151211.1606080808
7880,381584.0994085638
7881,403672.56820765766
7882,384716.92181486235
7883,366421.1149771217
7884,358090.0538720297
7885,353908.0388323745
7886,347750.71780387673
7887,342762.5659431788
7888,466280.73036935146
7889,434603.96599208127
7890,433162.42708391236
7891,443157.3566673738
7892,444080.6476167921
7893,443808.3305524318
7894,447164.40893762506
7895,448679.9519652218
7896,213371.6394520897
7897,243646.75350196933
7898,257775.58971258483
7899,254709.78695807199
7900,246800.25218324002
7901,238108.68275402914
7902,231569.42649108733
7903,229305.60813977686
7904,321675.14933477575
7905,367280.8842946389
7906,365657.4474976937
7907,353118.07184865954
7908,354141.50984146446
7909,358763.08213896514
7910,359097.302028458
7911,360584.22517275147
7912,187103.81546103826
7913,203755.4435406035
7914,220237.7163497423
7915,227984.4953102638
7916,234412.05076359963
7917,240586.43882532403
7918,243864.61479835224
7919,240544.56241877325
7920,95882.4069830623
7921,149107.49709324935
7922,172429.22277314033
7923,165338.07323297916
7924,157372.87341182973
7925,149728.9475898309
7926,143680.37186309727
7927,140975.18418340207
7928,411901.8400608335
7929,354157.53264433204
7930,330542.441245439
7931,322010.6097189886
7932,318668.21308086126
7933,313521.71590420115
7934,310897.35599934857
7935,311484.2844401557
7936,97827.37025936478
7937,136978.75325399116
7938,134932.6735419458
7939,123612.75072386826
7940,119286.51247791003
7941,119194.09268277726
7942,119683.02268657889
7943,123758.6563097745
7944,111668.37385264479
7945,110002.6748745151
7946,118759.52015594029
7947,125417.93576514084
7948,133164.0192580543
7949,137638.43670491464
7950,137811.88948518265
7951,139927.0476398988
7952,279176.89509096177
7953,200919.24940097512
7954,182643.35935615032
7955,191378.15478688938
7956,198168.23432490986
7957,201857.24522289133
7958,206884.85639217915
7959,208780.7431915813
7960,309287.7968894878
7961,333250.3870620266
7962,335256.0730954741
7963,336897.77554904803
7964,334936.3136794225
7965,328292.4476212407
7966,320475.2519060003
7967,316480.6993101012
7968,380287.4030454511
7969,417030.834294388
7970,422478.84303443256
7971,415344.7167586654
7972,406645.6892922787
7973,397439.3693288979
7974,386882.4976210331
7975,383156.60586050514
7976,236908.27655796643
7977,234190.53217658823
7978,252298.24343969062
7979,253751.24105258897
7980,253273.51092573002
7981,248152.6022200193
7982,246407.93906009698
7983,248212.7415662835
7984,209732.16147026024
7985,218107.44832787287
7986,200458.22444400407
7987,184248.22189259867
7988,178786.19554211534
7989,176699.33536499366
7990,173419.20091379478
7991,174795.5892879614
7992,223900.91664112324
7993,212706.62524857698
7994,225682.86237878335
7995,239335.86520362174
7996,240540.36392713082
7997,241092.83129368947
7998,244438.1046918088
7999,240916.62671262227
